liquibase.util.csv.CSVWriter;16;65.46536707079773

liquibase.changelog.OfflineChangeLogHistoryService;70;65.46536707079773

liquibase.changelog.ChangeLogHistoryServiceFactory;83;65.46536707079773

liquibase.changelog.ChangeLogHistoryServiceFactory;85;65.46536707079773

liquibase.database.OfflineConnection;93;65.46536707079773

liquibase.database.OfflineConnection;95;65.46536707079773

liquibase.changelog.OfflineChangeLogHistoryService;102;65.46536707079773

liquibase.changelog.OfflineChangeLogHistoryService;103;65.46536707079773

liquibase.changelog.OfflineChangeLogHistoryService;105;65.46536707079773

liquibase.changelog.OfflineChangeLogHistoryService;106;65.46536707079773

liquibase.changelog.OfflineChangeLogHistoryService;121;65.46536707079773

liquibase.changelog.OfflineChangeLogHistoryService;122;65.46536707079773

liquibase.changelog.OfflineChangeLogHistoryService;123;65.46536707079773

liquibase.changelog.OfflineChangeLogHistoryService;125;65.46536707079773

liquibase.database.OfflineConnection;259;65.46536707079773

liquibase.database.OfflineConnection$OutputLiquibaseSql;336;65.46536707079773

liquibase.database.OfflineConnection$OutputLiquibaseSql;339;65.46536707079773

liquibase.database.OfflineConnection$OutputLiquibaseSql;341;65.46536707079773

liquibase.database.core.HsqlDatabase;477;65.46536707079773

liquibase.database.core.HsqlDatabase;478;65.46536707079773

liquibase.database.core.HsqlDatabase;479;65.46536707079773

liquibase.database.OfflineConnection;64;56.69467095138408

liquibase.database.OfflineConnection;65;56.69467095138408

liquibase.database.OfflineConnection;66;56.69467095138408

liquibase.database.OfflineConnection;67;56.69467095138408

liquibase.database.OfflineConnection;75;56.69467095138408

liquibase.database.OfflineConnection;86;56.69467095138408

liquibase.database.OfflineConnection;88;56.69467095138408

liquibase.database.OfflineConnection;90;56.69467095138408

liquibase.database.OfflineConnection;92;56.69467095138408

liquibase.database.OfflineConnection;94;56.69467095138408

liquibase.database.OfflineConnection;118;56.69467095138408

liquibase.database.OfflineConnection$OutputLiquibaseSql;343;53.45224838248488

liquibase.resource.ClassLoaderResourceAccessor;34;50.709255283710995

liquibase.resource.ClassLoaderResourceAccessor;35;50.709255283710995

liquibase.database.AbstractJdbcDatabase;1194;50.709255283710995

liquibase.changelog.MockChangeLogHistoryService;39;46.29100498862757

liquibase.changelog.StandardChangeLogHistoryService;50;46.29100498862757

liquibase.changelog.ChangeLogHistoryServiceFactory;54;46.29100498862757

liquibase.changelog.StandardChangeLogHistoryService;55;46.29100498862757

liquibase.changelog.ChangeLogHistoryServiceFactory;57;46.29100498862757

liquibase.changelog.ChangeLogHistoryServiceFactory$1;57;46.29100498862757

liquibase.changelog.ChangeLogHistoryServiceFactory$1;60;46.29100498862757

liquibase.changelog.ChangeLogHistoryServiceFactory;64;46.29100498862757

liquibase.changelog.ChangeLogHistoryServiceFactory;65;46.29100498862757

liquibase.changelog.ChangeLogHistoryServiceFactory;66;46.29100498862757

liquibase.changelog.ChangeLogHistoryServiceFactory;68;46.29100498862757

liquibase.changelog.ChangeLogHistoryServiceFactory;70;46.29100498862757

liquibase.changelog.OfflineChangeLogHistoryService;75;46.29100498862757

liquibase.changelog.ChangeLogHistoryServiceFactory;76;46.29100498862757

liquibase.changelog.ChangeLogHistoryServiceFactory;77;46.29100498862757

liquibase.changelog.ChangeLogHistoryServiceFactory;88;46.29100498862757

liquibase.changelog.ChangeLogHistoryServiceFactory;89;46.29100498862757

liquibase.changelog.AbstractChangeLogHistoryService;15;42.857142857142854

liquibase.changelog.AbstractChangeLogHistoryService;26;42.857142857142854

liquibase.changelog.AbstractChangeLogHistoryService;27;42.857142857142854

liquibase.changelog.OfflineChangeLogHistoryService;35;42.857142857142854

liquibase.changelog.OfflineChangeLogHistoryService;39;42.857142857142854

liquibase.changelog.ChangeLogHistoryServiceFactory;50;42.857142857142854

liquibase.changelog.ChangeLogHistoryServiceFactory;51;42.857142857142854

liquibase.changelog.OfflineChangeLogHistoryService;59;42.857142857142854

liquibase.changelog.OfflineChangeLogHistoryService;60;42.857142857142854

liquibase.changelog.OfflineChangeLogHistoryService;61;42.857142857142854

liquibase.changelog.DatabaseChangeLog;62;42.857142857142854

liquibase.changelog.OfflineChangeLogHistoryService;62;42.857142857142854

liquibase.changelog.DatabaseChangeLog;63;42.857142857142854

liquibase.changelog.DatabaseChangeLog;64;42.857142857142854

liquibase.changelog.OfflineChangeLogHistoryService;64;42.857142857142854

liquibase.changelog.OfflineChangeLogHistoryService;65;42.857142857142854

liquibase.changelog.OfflineChangeLogHistoryService;66;42.857142857142854

liquibase.database.OfflineConnection;142;42.857142857142854

liquibase.database.OfflineConnection;149;42.857142857142854

liquibase.database.OfflineConnection;150;42.857142857142854

liquibase.database.OfflineConnection;153;42.857142857142854

liquibase.database.OfflineConnection;155;42.857142857142854

liquibase.database.OfflineConnection;158;42.857142857142854

liquibase.database.OfflineConnection;161;42.857142857142854

liquibase.database.OfflineConnection;162;42.857142857142854

liquibase.database.OfflineConnection;165;42.857142857142854

liquibase.database.OfflineConnection;212;42.857142857142854

liquibase.database.OfflineConnection;285;42.857142857142854

liquibase.database.AbstractJdbcDatabase;730;42.857142857142854

liquibase.database.AbstractJdbcDatabase;731;42.857142857142854

liquibase.resource.AbstractResourceAccessor;13;40.40610178208843

liquibase.resource.ClassLoaderResourceAccessor;37;40.40610178208843

liquibase.resource.ClassLoaderResourceAccessor;38;40.40610178208843

liquibase.resource.ClassLoaderResourceAccessor;40;40.40610178208843

liquibase.snapshot.EmptyDatabaseSnapshot;9;40.08918628686366

liquibase.snapshot.EmptyDatabaseSnapshot;10;40.08918628686366

liquibase.snapshot.jvm.ColumnSnapshotGeneratorOracle;21;40.08918628686366

liquibase.database.OfflineConnection;36;40.08918628686366

liquibase.database.OfflineConnection;37;40.08918628686366

liquibase.database.OfflineConnection;38;40.08918628686366

liquibase.database.OfflineConnection;40;40.08918628686366

liquibase.database.OfflineConnection;41;40.08918628686366

liquibase.database.OfflineConnection;45;40.08918628686366

liquibase.database.OfflineConnection;46;40.08918628686366

liquibase.database.OfflineConnection;48;40.08918628686366

liquibase.database.OfflineConnection;53;40.08918628686366

liquibase.database.OfflineConnection;54;40.08918628686366

liquibase.database.OfflineConnection;55;40.08918628686366

liquibase.database.OfflineConnection;56;40.08918628686366

liquibase.database.OfflineConnection;59;40.08918628686366

liquibase.database.OfflineConnection;60;40.08918628686366

liquibase.database.OfflineConnection;62;40.08918628686366

liquibase.database.OfflineConnection;63;40.08918628686366

liquibase.snapshot.DatabaseSnapshot;70;40.08918628686366

liquibase.snapshot.DatabaseSnapshot;71;40.08918628686366

liquibase.database.OfflineConnection;72;40.08918628686366

liquibase.database.OfflineConnection;73;40.08918628686366

liquibase.database.OfflineConnection;121;40.08918628686366

liquibase.database.OfflineConnection;122;40.08918628686366

liquibase.database.OfflineConnection;290;40.08918628686366

liquibase.exception.LiquibaseParseException;11;37.79644730092272

liquibase.exception.ChangeLogParseException;12;37.79644730092272

liquibase.exception.LiquibaseParseException;12;37.79644730092272

liquibase.test.Assert;12;37.79644730092272

liquibase.exception.ChangeLogParseException;13;37.79644730092272

liquibase.changelog.ChangeLogHistoryServiceFactory;15;37.79644730092272

liquibase.parser.core.xml.AbstractChangeLogParser;15;37.79644730092272

liquibase.changelog.ChangeLogHistoryServiceFactory;17;37.79644730092272

liquibase.changelog.ChangeLogHistoryServiceFactory;21;37.79644730092272

liquibase.snapshot.SnapshotControl;31;37.79644730092272

liquibase.snapshot.SnapshotControl;32;37.79644730092272

liquibase.snapshot.SnapshotControl;33;37.79644730092272

liquibase.changelog.StandardChangeLogHistoryService;37;37.79644730092272

liquibase.changelog.ChangeLogHistoryServiceFactory;38;37.79644730092272

liquibase.changelog.ChangeLogHistoryServiceFactory;40;37.79644730092272

liquibase.changelog.ChangeLogHistoryServiceFactory;41;37.79644730092272

liquibase.changelog.ChangeLogHistoryServiceFactory;42;37.79644730092272

liquibase.changelog.StandardChangeLogHistoryService;42;37.79644730092272

liquibase.snapshot.jvm.ColumnSnapshotGeneratorInformix;42;37.79644730092272

liquibase.changelog.ChangeLogHistoryServiceFactory;46;37.79644730092272

liquibase.changelog.ChangeLogHistoryServiceFactory;47;37.79644730092272

liquibase.parser.core.xml.XMLChangeLogSAXParser;50;37.79644730092272

liquibase.parser.core.xml.XMLChangeLogSAXParser;51;37.79644730092272

liquibase.parser.core.xml.XMLChangeLogSAXParser;52;37.79644730092272

liquibase.parser.core.xml.XMLChangeLogSAXParser;54;37.79644730092272

liquibase.parser.core.xml.XMLChangeLogSAXParser;55;37.79644730092272

liquibase.parser.core.xml.XMLChangeLogSAXParser;56;37.79644730092272

liquibase.parser.core.xml.XMLChangeLogSAXParser$1;56;37.79644730092272

liquibase.changelog.ChangeSet$ExecType;58;37.79644730092272

liquibase.changelog.ChangeSet$ExecType;59;37.79644730092272

liquibase.changelog.ChangeSet$ExecType;60;37.79644730092272

liquibase.changelog.ChangeSet$ExecType;61;37.79644730092272

liquibase.changelog.ChangeSet$ExecType;62;37.79644730092272

liquibase.resource.ClassLoaderResourceAccessor;67;37.79644730092272

liquibase.parser.core.xml.XMLChangeLogSAXParser;76;37.79644730092272

liquibase.resource.ClassLoaderResourceAccessor;76;37.79644730092272

liquibase.parser.core.xml.XMLChangeLogSAXParser;77;37.79644730092272

liquibase.resource.ClassLoaderResourceAccessor;77;37.79644730092272

liquibase.resource.ClassLoaderResourceAccessor;81;37.79644730092272

liquibase.parser.core.xml.XMLChangeLogSAXParser;83;37.79644730092272

liquibase.parser.core.xml.XMLChangeLogSAXParser;92;37.79644730092272

liquibase.parser.core.xml.XMLChangeLogSAXParser;93;37.79644730092272

liquibase.change.ChangeParameterMetaData;111;37.79644730092272

liquibase.change.ChangeParameterMetaData;112;37.79644730092272

liquibase.change.ChangeParameterMetaData;113;37.79644730092272

liquibase.change.ChangeParameterMetaData;114;37.79644730092272

liquibase.change.ChangeParameterMetaData;115;37.79644730092272

liquibase.change.ChangeParameterMetaData;117;37.79644730092272

liquibase.change.ChangeParameterMetaData;118;37.79644730092272

liquibase.change.ChangeParameterMetaData;121;37.79644730092272

liquibase.change.ChangeParameterMetaData;122;37.79644730092272

liquibase.change.ChangeParameterMetaData;123;37.79644730092272

liquibase.change.ChangeParameterMetaData;124;37.79644730092272

liquibase.change.ChangeParameterMetaData;125;37.79644730092272

liquibase.change.ChangeParameterMetaData;126;37.79644730092272

liquibase.change.ChangeParameterMetaData;127;37.79644730092272

liquibase.change.ChangeParameterMetaData;128;37.79644730092272

liquibase.change.ChangeParameterMetaData;129;37.79644730092272

liquibase.change.ChangeParameterMetaData;131;37.79644730092272

liquibase.parser.core.xml.XMLChangeLogSAXParser;133;37.79644730092272

liquibase.change.ChangeParameterMetaData;135;37.79644730092272

liquibase.change.ChangeParameterMetaData;136;37.79644730092272

liquibase.parser.core.xml.XMLChangeLogSAXParser;136;37.79644730092272

liquibase.parser.core.xml.XMLChangeLogSAXParser;137;37.79644730092272

liquibase.change.ChangeParameterMetaData;138;37.79644730092272

liquibase.change.ChangeParameterMetaData;139;37.79644730092272

liquibase.change.ChangeParameterMetaData;140;37.79644730092272

liquibase.change.ChangeParameterMetaData;141;37.79644730092272

liquibase.change.ChangeParameterMetaData;144;37.79644730092272

liquibase.change.ChangeParameterMetaData;146;37.79644730092272

liquibase.exception.ValidationErrors;188;37.79644730092272

liquibase.exception.ValidationErrors;189;37.79644730092272

liquibase.exception.ValidationErrors;190;37.79644730092272

liquibase.exception.ValidationErrors;191;37.79644730092272

liquibase.exception.ValidationErrors;193;37.79644730092272

liquibase.exception.ValidationErrors;194;37.79644730092272

liquibase.database.OfflineConnection$OutputLiquibaseSql;347;37.79644730092272

liquibase.database.core.HsqlDatabase;384;37.79644730092272

liquibase.snapshot.SnapshotGeneratorComparator;13;35.85685828003181

liquibase.snapshot.SnapshotGeneratorComparator;14;35.85685828003181

liquibase.snapshot.jvm.ColumnSnapshotGeneratorH2;14;35.85685828003181

liquibase.snapshot.SnapshotGeneratorComparator;15;35.85685828003181

liquibase.snapshot.jvm.ColumnSnapshotGeneratorH2;15;35.85685828003181

liquibase.snapshot.SnapshotGeneratorComparator;16;35.85685828003181

liquibase.structure.DatabaseObjectCollection;16;35.85685828003181

liquibase.snapshot.jvm.ColumnSnapshotGeneratorOracle;18;35.85685828003181

liquibase.structure.DatabaseObjectCollection;19;35.85685828003181

liquibase.structure.core.DatabaseObjectFactory;19;35.85685828003181

liquibase.changelog.ChangeLogHistoryServiceFactory;20;35.85685828003181

liquibase.snapshot.SnapshotGeneratorComparator;20;35.85685828003181

liquibase.structure.DatabaseObjectCollection;20;35.85685828003181

liquibase.snapshot.SnapshotGeneratorComparator;21;35.85685828003181

liquibase.structure.DatabaseObjectCollection;21;35.85685828003181

liquibase.snapshot.SnapshotGeneratorComparator;22;35.85685828003181

liquibase.structure.core.DatabaseObjectFactory;22;35.85685828003181

liquibase.changelog.ChangeLogHistoryServiceFactory;23;35.85685828003181

liquibase.snapshot.SnapshotControl;24;35.85685828003181

liquibase.snapshot.SnapshotGeneratorComparator;24;35.85685828003181

liquibase.executor.ExecutorService;28;35.85685828003181

liquibase.snapshot.jvm.ColumnSnapshotGeneratorInformix;39;35.85685828003181

liquibase.snapshot.jvm.UniqueConstraintSnapshotGenerator;39;35.85685828003181

liquibase.snapshot.DatabaseSnapshot;41;35.85685828003181

liquibase.snapshot.jvm.JdbcSnapshotGenerator;42;35.85685828003181

liquibase.snapshot.jvm.UniqueConstraintSnapshotGenerator;42;35.85685828003181

liquibase.snapshot.DatabaseSnapshot;43;35.85685828003181

liquibase.snapshot.SnapshotGeneratorFactory;43;35.85685828003181

liquibase.snapshot.jvm.JdbcSnapshotGenerator;43;35.85685828003181

liquibase.snapshot.jvm.JdbcSnapshotGenerator;44;35.85685828003181

liquibase.snapshot.DatabaseSnapshot;45;35.85685828003181

liquibase.snapshot.SnapshotGeneratorFactory;46;35.85685828003181

liquibase.snapshot.jvm.JdbcSnapshotGenerator;46;35.85685828003181

liquibase.snapshot.jvm.JdbcSnapshotGenerator;47;35.85685828003181

liquibase.executor.ExecutorService;48;35.85685828003181

liquibase.snapshot.DatabaseSnapshot;48;35.85685828003181

liquibase.snapshot.jvm.JdbcSnapshotGenerator;48;35.85685828003181

liquibase.snapshot.jvm.JdbcSnapshotGenerator;49;35.85685828003181

liquibase.snapshot.DatabaseSnapshot;50;35.85685828003181

liquibase.snapshot.DatabaseSnapshot;51;35.85685828003181

liquibase.snapshot.DatabaseSnapshot;52;35.85685828003181

liquibase.snapshot.DatabaseSnapshot;53;35.85685828003181

liquibase.snapshot.DatabaseSnapshot;54;35.85685828003181

liquibase.snapshot.jvm.JdbcSnapshotGenerator;54;35.85685828003181

liquibase.snapshot.DatabaseSnapshot;56;35.85685828003181

liquibase.structure.core.DatabaseObjectFactory;57;35.85685828003181

liquibase.snapshot.DatabaseSnapshot;58;35.85685828003181

liquibase.snapshot.DatabaseSnapshot;60;35.85685828003181

liquibase.snapshot.jvm.JdbcSnapshotGenerator;60;35.85685828003181

liquibase.snapshot.DatabaseSnapshot;61;35.85685828003181

liquibase.snapshot.DatabaseSnapshot;62;35.85685828003181

liquibase.snapshot.DatabaseSnapshot;63;35.85685828003181

liquibase.executor.jvm.JdbcExecutor;64;35.85685828003181

liquibase.snapshot.DatabaseSnapshot;64;35.85685828003181

liquibase.snapshot.DatabaseSnapshot;65;35.85685828003181

liquibase.executor.ExecutorService;66;35.85685828003181

liquibase.snapshot.DatabaseSnapshot;66;35.85685828003181

liquibase.executor.ExecutorService;67;35.85685828003181

liquibase.snapshot.DatabaseSnapshot;67;35.85685828003181

liquibase.executor.ExecutorService;68;35.85685828003181

liquibase.structure.core.DatabaseObjectFactory;68;35.85685828003181

liquibase.snapshot.DatabaseSnapshot;74;35.85685828003181

liquibase.snapshot.DatabaseSnapshot;75;35.85685828003181

liquibase.snapshot.DatabaseSnapshot;76;35.85685828003181

liquibase.snapshot.SnapshotGeneratorFactory;77;35.85685828003181

liquibase.snapshot.DatabaseSnapshot;82;35.85685828003181

liquibase.snapshot.SnapshotGeneratorFactory;83;35.85685828003181

liquibase.snapshot.DatabaseSnapshot;84;35.85685828003181

liquibase.snapshot.SnapshotGeneratorFactory;84;35.85685828003181

liquibase.snapshot.SnapshotGeneratorFactory;85;35.85685828003181

liquibase.snapshot.SnapshotGeneratorFactory;87;35.85685828003181

liquibase.snapshot.SnapshotGeneratorFactory;88;35.85685828003181

liquibase.snapshot.DatabaseSnapshot;96;35.85685828003181

liquibase.snapshot.DatabaseSnapshot;97;35.85685828003181

liquibase.snapshot.DatabaseSnapshot;102;35.85685828003181

liquibase.snapshot.DatabaseSnapshot;108;35.85685828003181

liquibase.snapshot.SnapshotControl;123;35.85685828003181

liquibase.snapshot.SnapshotControl;124;35.85685828003181

liquibase.snapshot.SnapshotControl;125;35.85685828003181

liquibase.snapshot.SnapshotControl;126;35.85685828003181

liquibase.snapshot.SnapshotControl;127;35.85685828003181

liquibase.snapshot.SnapshotControl;136;35.85685828003181

liquibase.snapshot.SnapshotControl;137;35.85685828003181

liquibase.snapshot.SnapshotControl;138;35.85685828003181

liquibase.snapshot.SnapshotControl;139;35.85685828003181

liquibase.snapshot.SnapshotControl;140;35.85685828003181

liquibase.snapshot.SnapshotControl;142;35.85685828003181

liquibase.executor.Executor;190;35.85685828003181

liquibase.snapshot.DatabaseSnapshot;262;35.85685828003181

liquibase.snapshot.SnapshotGeneratorFactory;288;35.85685828003181

liquibase.snapshot.SnapshotGeneratorFactory;290;35.85685828003181

liquibase.snapshot.SnapshotGeneratorFactory;292;35.85685828003181

liquibase.snapshot.SnapshotGeneratorFactory;300;35.85685828003181

liquibase.snapshot.SnapshotGeneratorFactory;301;35.85685828003181

liquibase.snapshot.SnapshotGeneratorFactory;306;35.85685828003181

liquibase.snapshot.SnapshotGeneratorFactory;308;35.85685828003181

liquibase.snapshot.SnapshotGeneratorFactory;309;35.85685828003181

liquibase.snapshot.SnapshotGeneratorFactory;310;35.85685828003181

liquibase.snapshot.SnapshotGeneratorFactory;311;35.85685828003181

liquibase.snapshot.SnapshotGeneratorFactory;312;35.85685828003181

liquibase.snapshot.SnapshotGeneratorFactory;313;35.85685828003181

liquibase.snapshot.SnapshotGeneratorFactory;314;35.85685828003181

liquibase.snapshot.SnapshotGeneratorFactory;319;35.85685828003181

liquibase.snapshot.DatabaseSnapshot;675;35.85685828003181

liquibase.executor.ExecutorService;20;34.18817293789138

liquibase.executor.ExecutorService;25;34.18817293789138

liquibase.executor.ExecutorService;26;34.18817293789138

liquibase.executor.ExecutorService;27;34.18817293789138

liquibase.executor.ExecutorService;30;34.18817293789138

liquibase.executor.ExecutorService;41;34.18817293789138

liquibase.executor.jvm.JdbcExecutor;41;34.18817293789138

liquibase.executor.ExecutorService;42;34.18817293789138

liquibase.executor.ExecutorService;46;34.18817293789138

liquibase.executor.jvm.JdbcExecutor;52;34.18817293789138

liquibase.changelog.DatabaseChangeLog;217;32.73268353539886

liquibase.changelog.DatabaseChangeLog;218;32.73268353539886

liquibase.changelog.DatabaseChangeLog;219;32.73268353539886

liquibase.changelog.DatabaseChangeLog;220;32.73268353539886

liquibase.changelog.DatabaseChangeLog;227;32.73268353539886

liquibase.changelog.DatabaseChangeLog;228;32.73268353539886

liquibase.changelog.DatabaseChangeLog;231;32.73268353539886

liquibase.changelog.DatabaseChangeLog;249;32.73268353539886

liquibase.changelog.ChangeSet;1095;32.73268353539886

liquibase.plugin.AbstractPluginFactory;52;30.304576336566324

liquibase.plugin.AbstractPluginFactory;53;30.304576336566324

liquibase.plugin.AbstractPluginFactory;55;30.304576336566324

liquibase.plugin.AbstractPluginFactory;56;30.304576336566324

liquibase.plugin.AbstractPluginFactory;57;30.304576336566324

liquibase.plugin.AbstractPluginFactory;64;30.304576336566324

liquibase.plugin.AbstractPluginFactory;72;30.304576336566324

liquibase.database.AbstractJdbcDatabase;237;29.277002188456

liquibase.database.core.HsqlDatabase;317;29.277002188456

liquibase.database.core.HsqlDatabase;318;29.277002188456

liquibase.database.core.HsqlDatabase;319;29.277002188456

liquibase.database.core.HsqlDatabase;320;29.277002188456

liquibase.database.core.HsqlDatabase;321;29.277002188456

liquibase.database.core.HsqlDatabase;322;29.277002188456

liquibase.database.core.HsqlDatabase;323;29.277002188456

liquibase.plugin.AbstractPluginFactory;63;28.34733547569204

liquibase.plugin.AbstractPluginFactory;66;28.34733547569204

liquibase.plugin.AbstractPluginFactory;40;27.500954910846342

liquibase.plugin.AbstractPluginFactory;41;27.500954910846342

liquibase.plugin.AbstractPluginFactory;42;27.500954910846342

liquibase.plugin.AbstractPluginFactory;51;27.500954910846342

liquibase.plugin.AbstractPluginFactory;62;27.500954910846342

liquibase.plugin.AbstractPluginFactory;68;27.500954910846342

liquibase.plugin.AbstractPluginFactory;88;27.500954910846342

liquibase.plugin.AbstractPluginFactory;95;27.500954910846342

liquibase.sqlgenerator.core.DropViewGenerator;16;26.72612419124244

liquibase.resource.InputStreamList;17;26.72612419124244

liquibase.sqlgenerator.core.DropViewGenerator;17;26.72612419124244

liquibase.resource.AbstractResourceAccessor;18;26.72612419124244

liquibase.sqlgenerator.core.DropViewGenerator;18;26.72612419124244

liquibase.resource.InputStreamList;19;26.72612419124244

liquibase.resource.AbstractResourceAccessor;20;26.72612419124244

liquibase.resource.InputStreamList;20;26.72612419124244

liquibase.resource.AbstractResourceAccessor;21;26.72612419124244

liquibase.sqlgenerator.core.DropPrimaryKeyGenerator;23;26.72612419124244

liquibase.sqlgenerator.core.DropPrimaryKeyGenerator;24;26.72612419124244

liquibase.sqlgenerator.core.CreateViewGeneratorInformix;26;26.72612419124244

liquibase.sqlgenerator.core.DropPrimaryKeyGenerator;26;26.72612419124244

liquibase.statement.core.DropViewStatement;26;26.72612419124244

liquibase.statement.core.ReorganizeTableStatement;26;26.72612419124244

liquibase.sqlgenerator.core.CreateViewGenerator;27;26.72612419124244

liquibase.sqlgenerator.core.CreateViewGeneratorInformix;28;26.72612419124244

liquibase.sqlgenerator.core.DropPrimaryKeyGenerator;28;26.72612419124244

liquibase.sqlgenerator.core.ReorganizeTableGeneratorDB2;28;26.72612419124244

liquibase.sqlgenerator.core.CreateViewGeneratorInformix;29;26.72612419124244

liquibase.sqlgenerator.core.ReorganizeTableGeneratorDB2;29;26.72612419124244

liquibase.statement.core.DropPrimaryKeyStatement;29;26.72612419124244

liquibase.sqlgenerator.core.ReorganizeTableGeneratorDB2;30;26.72612419124244

liquibase.sqlgenerator.core.CreateViewGenerator;31;26.72612419124244

liquibase.sqlgenerator.core.CreateViewGeneratorInformix;31;26.72612419124244

liquibase.sqlgenerator.core.DropPrimaryKeyGenerator;31;26.72612419124244

liquibase.statement.core.CreateViewStatement;31;26.72612419124244

liquibase.sqlgenerator.core.CreateViewGeneratorInformix;32;26.72612419124244

liquibase.sqlgenerator.core.CreateViewGenerator;33;26.72612419124244

liquibase.statement.core.DropPrimaryKeyStatement;33;26.72612419124244

liquibase.sqlgenerator.core.CreateViewGenerator;35;26.72612419124244

liquibase.sqlgenerator.core.CreateViewGeneratorInformix;35;26.72612419124244

liquibase.statement.core.CreateViewStatement;35;26.72612419124244

liquibase.sqlgenerator.core.SetNullableGenerator;39;26.72612419124244

liquibase.statement.core.CreateViewStatement;39;26.72612419124244

liquibase.sqlgenerator.core.CreateViewGenerator;40;26.72612419124244

liquibase.sqlgenerator.core.SetNullableGenerator;41;26.72612419124244

liquibase.sqlgenerator.core.SetNullableGenerator;43;26.72612419124244

liquibase.change.core.DropPrimaryKeyChange;44;26.72612419124244

liquibase.sqlgenerator.core.CreateViewGenerator;44;26.72612419124244

liquibase.util.FileUtil;44;26.72612419124244

liquibase.change.core.DropPrimaryKeyChange;45;26.72612419124244

liquibase.util.FileUtil;45;26.72612419124244

liquibase.util.FileUtil;46;26.72612419124244

liquibase.resource.ClassLoaderResourceAccessor;47;26.72612419124244

liquibase.util.FileUtil;47;26.72612419124244

liquibase.resource.ClassLoaderResourceAccessor;48;26.72612419124244

liquibase.sqlgenerator.core.CreateViewGenerator;48;26.72612419124244

liquibase.util.FileUtil;48;26.72612419124244

liquibase.resource.ClassLoaderResourceAccessor;49;26.72612419124244

liquibase.util.FileUtil;50;26.72612419124244

liquibase.resource.ClassLoaderResourceAccessor;51;26.72612419124244

liquibase.sqlgenerator.core.SetNullableGenerator;52;26.72612419124244

liquibase.resource.ClassLoaderResourceAccessor;53;26.72612419124244

liquibase.sqlgenerator.core.SetNullableGenerator;55;26.72612419124244

liquibase.statement.core.SetNullableStatement;55;26.72612419124244

liquibase.sqlgenerator.core.SetNullableGenerator;56;26.72612419124244

liquibase.sqlgenerator.core.SetNullableGenerator;58;26.72612419124244

liquibase.resource.ClassLoaderResourceAccessor;61;26.72612419124244

liquibase.resource.ClassLoaderResourceAccessor;62;26.72612419124244

liquibase.resource.ClassLoaderResourceAccessor;63;26.72612419124244

liquibase.resource.ClassLoaderResourceAccessor;64;26.72612419124244

liquibase.resource.ClassLoaderResourceAccessor;66;26.72612419124244

liquibase.resource.ClassLoaderResourceAccessor;70;26.72612419124244

liquibase.resource.ClassLoaderResourceAccessor;71;26.72612419124244

liquibase.change.core.AddNotNullConstraintChange;72;26.72612419124244

liquibase.change.core.AddNotNullConstraintChange;73;26.72612419124244

liquibase.resource.ClassLoaderResourceAccessor;85;26.72612419124244

liquibase.resource.ClassLoaderResourceAccessor;90;26.72612419124244

liquibase.resource.ClassLoaderResourceAccessor;91;26.72612419124244

liquibase.change.core.CreateViewChange;93;26.72612419124244

liquibase.change.core.CreateViewChange;94;26.72612419124244

liquibase.resource.ClassLoaderResourceAccessor;95;26.72612419124244

liquibase.resource.ClassLoaderResourceAccessor;99;26.72612419124244

liquibase.resource.ClassLoaderResourceAccessor;102;26.72612419124244

liquibase.resource.ClassLoaderResourceAccessor;103;26.72612419124244

liquibase.change.ChangeParameterMetaData;104;26.72612419124244

liquibase.change.ChangeParameterMetaData;108;26.72612419124244

liquibase.resource.ClassLoaderResourceAccessor;108;26.72612419124244

liquibase.change.ChangeParameterMetaData;110;26.72612419124244

liquibase.resource.ClassLoaderResourceAccessor;110;26.72612419124244

liquibase.resource.InputStreamList;110;26.72612419124244

liquibase.resource.ClassLoaderResourceAccessor;112;26.72612419124244

liquibase.resource.ClassLoaderResourceAccessor;115;26.72612419124244

liquibase.resource.ClassLoaderResourceAccessor;117;26.72612419124244

liquibase.resource.ClassLoaderResourceAccessor;118;26.72612419124244

liquibase.sqlgenerator.core.CreateViewGenerator;121;26.72612419124244

liquibase.sqlgenerator.core.CreateViewGenerator;122;26.72612419124244

liquibase.sqlgenerator.core.CreateViewGenerator;129;26.72612419124244

liquibase.resource.ClassLoaderResourceAccessor;130;26.72612419124244

liquibase.sqlgenerator.core.CreateViewGenerator;130;26.72612419124244

liquibase.resource.ClassLoaderResourceAccessor;134;26.72612419124244

liquibase.resource.ClassLoaderResourceAccessor;135;26.72612419124244

liquibase.resource.ClassLoaderResourceAccessor;137;26.72612419124244

liquibase.change.core.AddNotNullConstraintChange;139;26.72612419124244

liquibase.sqlgenerator.core.CreateViewGenerator;139;26.72612419124244

liquibase.change.core.AddNotNullConstraintChange;140;26.72612419124244

liquibase.sqlgenerator.core.CreateViewGenerator;140;26.72612419124244

liquibase.change.core.AddNotNullConstraintChange;141;26.72612419124244

liquibase.sqlgenerator.core.CreateViewGenerator;141;26.72612419124244

liquibase.sqlgenerator.core.CreateViewGenerator;149;26.72612419124244

liquibase.sqlgenerator.core.CreateViewGenerator;153;26.72612419124244

liquibase.sqlgenerator.core.CreateViewGenerator;154;26.72612419124244

liquibase.resource.ClassLoaderResourceAccessor;159;26.72612419124244

liquibase.resource.ClassLoaderResourceAccessor;160;26.72612419124244

liquibase.sqlgenerator.core.CreateViewGenerator;160;26.72612419124244

liquibase.resource.ClassLoaderResourceAccessor;162;26.72612419124244

liquibase.sqlgenerator.core.CreateViewGenerator;164;26.72612419124244

liquibase.sqlgenerator.core.CreateViewGenerator;165;26.72612419124244

liquibase.sqlgenerator.SqlGeneratorFactory;187;26.72612419124244

liquibase.change.core.CreateViewChange;230;26.72612419124244

liquibase.sqlgenerator.SqlGeneratorFactory;253;26.72612419124244

liquibase.change.core.CreateViewChange;261;26.72612419124244

liquibase.change.core.CreateViewChange;262;26.72612419124244

liquibase.change.core.CreateViewChange;263;26.72612419124244

liquibase.resource.ClassLoaderResourceAccessor;335;26.72612419124244

liquibase.resource.ClassLoaderResourceAccessor;337;26.72612419124244

liquibase.Scope;363;26.72612419124244

liquibase.change.ChangeParameterMetaData;460;26.72612419124244

liquibase.change.ColumnConfig;634;26.72612419124244

liquibase.change.ColumnConfig;636;26.72612419124244

liquibase.change.ColumnConfig;638;26.72612419124244

liquibase.change.ColumnConfig;640;26.72612419124244

liquibase.change.ColumnConfig;642;26.72612419124244

liquibase.database.AbstractJdbcDatabase;157;24.743582965269674

liquibase.database.AbstractJdbcDatabase;158;24.743582965269674

liquibase.database.AbstractJdbcDatabase;160;24.743582965269674

liquibase.database.AbstractJdbcDatabase;161;24.743582965269674

liquibase.database.AbstractJdbcDatabase;163;24.743582965269674

liquibase.database.AbstractJdbcDatabase;175;24.743582965269674

liquibase.database.AbstractJdbcDatabase;177;24.743582965269674

liquibase.database.AbstractJdbcDatabase;178;24.743582965269674

liquibase.database.AbstractJdbcDatabase;182;24.743582965269674

liquibase.database.AbstractJdbcDatabase;199;24.743582965269674

liquibase.changelog.DatabaseChangeLog;37;23.145502494313785

liquibase.changelog.DatabaseChangeLog;43;23.145502494313785

liquibase.changelog.DatabaseChangeLog;48;23.145502494313785

liquibase.changelog.DatabaseChangeLog;50;23.145502494313785

liquibase.change.core.DropAllForeignKeyConstraintsChange;22;21.82178902359924

liquibase.change.AddColumnConfig;23;21.82178902359924

liquibase.sqlgenerator.core.SetNullableGenerator;26;21.82178902359924

liquibase.sqlgenerator.core.SetNullableGenerator;28;21.82178902359924

liquibase.change.AddColumnConfig;31;21.82178902359924

liquibase.change.core.DropPrimaryKeyChange;32;21.82178902359924

liquibase.sqlgenerator.core.SetNullableGenerator;32;21.82178902359924

liquibase.change.core.DropPrimaryKeyChange;33;21.82178902359924

liquibase.sqlgenerator.core.SetNullableGenerator;34;21.82178902359924

liquibase.change.core.DropPrimaryKeyChange;35;21.82178902359924

liquibase.sqlgenerator.core.AddColumnGeneratorSQLite;36;21.82178902359924

liquibase.change.AddColumnConfig;39;21.82178902359924

liquibase.statement.core.DropPrimaryKeyStatement;41;21.82178902359924

liquibase.statement.core.DropPrimaryKeyStatement;42;21.82178902359924

liquibase.statement.core.CreateViewStatement;60;21.82178902359924

liquibase.statement.core.CreateViewStatement;61;21.82178902359924

liquibase.change.core.AddColumnChange;73;21.82178902359924

liquibase.change.core.AddColumnChange;74;21.82178902359924

liquibase.change.core.DropPrimaryKeyChange;85;21.82178902359924

liquibase.change.core.DropPrimaryKeyChange;90;21.82178902359924

liquibase.change.core.DropPrimaryKeyChange;91;21.82178902359924

liquibase.change.core.DropPrimaryKeyChange;92;21.82178902359924

liquibase.change.core.AddColumnChange;93;21.82178902359924

liquibase.exception.ValidationErrors;117;21.82178902359924

liquibase.change.core.AddNotNullConstraintChange;121;21.82178902359924

liquibase.change.core.AddNotNullConstraintChange;122;21.82178902359924

liquibase.change.core.AddNotNullConstraintChange;136;21.82178902359924

liquibase.change.core.DropAllForeignKeyConstraintsChange;136;21.82178902359924

liquibase.change.core.AddNotNullConstraintChange;138;21.82178902359924

liquibase.change.core.AddNotNullConstraintChange;145;21.82178902359924

liquibase.change.core.AddNotNullConstraintChange;146;21.82178902359924

liquibase.change.core.AddNotNullConstraintChange;147;21.82178902359924

liquibase.change.core.AddNotNullConstraintChange;148;21.82178902359924

liquibase.change.core.AddNotNullConstraintChange;149;21.82178902359924

liquibase.change.core.AddNotNullConstraintChange;152;21.82178902359924

liquibase.change.core.CreateViewChange;157;21.82178902359924

liquibase.change.core.AddColumnChange;163;21.82178902359924

liquibase.change.core.CreateViewChange;226;21.82178902359924

liquibase.change.core.CreateViewChange;228;21.82178902359924

liquibase.change.core.CreateViewChange;229;21.82178902359924

liquibase.sqlgenerator.SqlGeneratorFactory;230;21.82178902359924

liquibase.change.core.CreateViewChange;233;21.82178902359924

liquibase.change.core.CreateViewChange;234;21.82178902359924

liquibase.change.core.CreateViewChange;239;21.82178902359924

liquibase.change.core.CreateViewChange;240;21.82178902359924

liquibase.change.core.CreateViewChange;241;21.82178902359924

liquibase.change.core.CreateViewChange;260;21.82178902359924

liquibase.change.core.CreateViewChange;265;21.82178902359924

liquibase.change.core.CreateViewChange;266;21.82178902359924

liquibase.change.core.CreateViewChange;269;21.82178902359924

liquibase.change.core.CreateViewChange;276;21.82178902359924

liquibase.change.core.CreateViewChange;280;21.82178902359924

liquibase.change.AbstractChange;303;21.82178902359924

liquibase.change.core.CreateViewChange;314;21.82178902359924

liquibase.change.AbstractChange;342;21.82178902359924

liquibase.change.AbstractChange;350;21.82178902359924

liquibase.change.ChangeParameterMetaData;476;21.82178902359924

liquibase.change.ChangeParameterMetaData;477;21.82178902359924

liquibase.change.ChangeParameterMetaData;478;21.82178902359924

liquibase.changelog.DatabaseChangeLog;644;21.82178902359924

liquibase.changelog.DatabaseChangeLog;647;21.82178902359924

liquibase.changelog.DatabaseChangeLog;648;21.82178902359924

liquibase.changelog.DatabaseChangeLog;649;21.82178902359924

liquibase.changelog.DatabaseChangeLog;650;21.82178902359924

liquibase.changelog.DatabaseChangeLog;651;21.82178902359924

liquibase.executor.LoggingExecutor;36;21.428571428571427

liquibase.executor.LoggingExecutor;37;21.428571428571427

liquibase.executor.LoggingExecutor;38;21.428571428571427

liquibase.executor.LoggingExecutor;42;21.428571428571427

liquibase.executor.LoggingExecutor;43;21.428571428571427

liquibase.executor.LoggingExecutor;44;21.428571428571427

liquibase.executor.ExecutorService;107;21.428571428571427

liquibase.executor.ExecutorService;108;21.428571428571427

liquibase.database.AbstractJdbcDatabase;152;20.7669652660466

liquibase.precondition.PreconditionLogic;13;20.36532699906392

liquibase.precondition.PreconditionLogic;14;20.36532699906392

liquibase.precondition.core.AndPrecondition;21;20.36532699906392

liquibase.precondition.core.PreconditionContainer;24;20.36532699906392

liquibase.precondition.core.PreconditionContainer;80;20.36532699906392

liquibase.precondition.core.PreconditionContainer;81;20.36532699906392

liquibase.precondition.core.PreconditionContainer;82;20.36532699906392

liquibase.precondition.AbstractPrecondition;5;20.04459314343183

liquibase.executor.AbstractExecutor;101;19.166296949998195

liquibase.executor.AbstractExecutor;102;19.166296949998195

liquibase.statement.core.DropViewStatement;11;18.89822365046136

liquibase.statement.core.DropViewStatement;12;18.89822365046136

liquibase.statement.core.DropPrimaryKeyStatement;13;18.89822365046136

liquibase.statement.core.DropViewStatement;13;18.89822365046136

liquibase.statement.core.CreateViewStatement;14;18.89822365046136

liquibase.statement.core.DropPrimaryKeyStatement;14;18.89822365046136

liquibase.statement.core.DropViewStatement;14;18.89822365046136

liquibase.statement.core.CreateViewStatement;15;18.89822365046136

liquibase.statement.core.DropPrimaryKeyStatement;15;18.89822365046136

liquibase.statement.core.DropViewStatement;15;18.89822365046136

liquibase.statement.core.CreateViewStatement;16;18.89822365046136

liquibase.statement.core.DropPrimaryKeyStatement;16;18.89822365046136

liquibase.statement.core.CreateViewStatement;17;18.89822365046136

liquibase.statement.core.DropPrimaryKeyStatement;17;18.89822365046136

liquibase.statement.core.CreateViewStatement;18;18.89822365046136

liquibase.statement.core.DropPrimaryKeyStatement;18;18.89822365046136

liquibase.statement.core.CreateViewStatement;19;18.89822365046136

liquibase.statement.core.CreateViewStatement;20;18.89822365046136

liquibase.executor.AbstractExecutor;21;18.89822365046136

liquibase.sqlgenerator.core.CreateViewGeneratorInformix;21;18.89822365046136

liquibase.sqlgenerator.core.AddColumnGeneratorDefaultClauseBeforeNotNull;22;18.89822365046136

liquibase.change.core.DropPrimaryKeyChange;23;18.89822365046136

liquibase.changelog.MockChangeLogHistoryService;23;18.89822365046136

liquibase.changelog.MockChangeLogHistoryService;24;18.89822365046136

liquibase.changelog.MockChangeLogHistoryService;25;18.89822365046136

liquibase.changelog.MockChangeLogHistoryService;26;18.89822365046136

liquibase.changelog.MockChangeLogHistoryService;27;18.89822365046136

liquibase.change.core.AddNotNullConstraintChange;28;18.89822365046136

liquibase.changelog.MockChangeLogHistoryService;30;18.89822365046136

liquibase.statement.core.SetNullableStatement;31;18.89822365046136

liquibase.statement.core.SetNullableStatement;32;18.89822365046136

liquibase.statement.core.SetNullableStatement;33;18.89822365046136

liquibase.statement.core.SetNullableStatement;36;18.89822365046136

liquibase.change.core.CreateViewChange;38;18.89822365046136

liquibase.change.core.DropPrimaryKeyChange;40;18.89822365046136

liquibase.change.core.DropPrimaryKeyChange;49;18.89822365046136

liquibase.lockservice.StandardLockService;51;18.89822365046136

liquibase.change.core.CreateViewChange;54;18.89822365046136

liquibase.lockservice.StandardLockService;54;18.89822365046136

liquibase.lockservice.StandardLockService;55;18.89822365046136

liquibase.change.core.DropPrimaryKeyChange;58;18.89822365046136

liquibase.change.core.CreateViewChange;62;18.89822365046136

liquibase.change.core.DropPrimaryKeyChange;67;18.89822365046136

liquibase.change.core.AddNotNullConstraintChange;68;18.89822365046136

liquibase.change.core.CreateViewChange;71;18.89822365046136

liquibase.change.core.AddNotNullConstraintChange;77;18.89822365046136

liquibase.change.core.CreateViewChange;80;18.89822365046136

liquibase.change.core.AddNotNullConstraintChange;88;18.89822365046136

liquibase.change.core.CreateViewChange;89;18.89822365046136

liquibase.change.core.AddNotNullConstraintChange;92;18.89822365046136

liquibase.change.core.AddNotNullConstraintChange;93;18.89822365046136

liquibase.change.core.AddNotNullConstraintChange;98;18.89822365046136

liquibase.change.core.CreateViewChange;107;18.89822365046136

liquibase.change.core.AddNotNullConstraintChange;117;18.89822365046136

liquibase.change.core.AddNotNullConstraintChange;127;18.89822365046136

liquibase.sqlgenerator.core.AddColumnGeneratorSQLite;132;18.89822365046136

liquibase.change.ChangeParameterMetaData;166;18.89822365046136

liquibase.change.ChangeParameterMetaData;167;18.89822365046136

liquibase.change.ChangeParameterMetaData;168;18.89822365046136

liquibase.change.ChangeParameterMetaData;169;18.89822365046136

liquibase.change.ChangeParameterMetaData;170;18.89822365046136

liquibase.change.ChangeParameterMetaData;171;18.89822365046136

liquibase.change.ChangeParameterMetaData;173;18.89822365046136

liquibase.change.ChangeParameterMetaData;175;18.89822365046136

liquibase.change.ChangeParameterMetaData;177;18.89822365046136

liquibase.exception.ValidationErrors;178;18.89822365046136

liquibase.change.ChangeParameterMetaData;179;18.89822365046136

liquibase.exception.ValidationErrors;179;18.89822365046136

liquibase.exception.ValidationErrors;180;18.89822365046136

liquibase.exception.ValidationErrors;181;18.89822365046136

liquibase.change.ChangeParameterMetaData;183;18.89822365046136

liquibase.exception.ValidationErrors;183;18.89822365046136

liquibase.change.ChangeParameterMetaData;184;18.89822365046136

liquibase.change.core.AddColumnChange;184;18.89822365046136

liquibase.exception.ValidationErrors;184;18.89822365046136

liquibase.change.ChangeParameterMetaData;185;18.89822365046136

liquibase.change.core.AddColumnChange;186;18.89822365046136

liquibase.change.ChangeParameterMetaData;188;18.89822365046136

liquibase.change.ChangeParameterMetaData;189;18.89822365046136

liquibase.change.ChangeParameterMetaData;197;18.89822365046136

liquibase.change.ChangeParameterMetaData;198;18.89822365046136

liquibase.change.ChangeParameterMetaData;199;18.89822365046136

liquibase.change.ChangeParameterMetaData;200;18.89822365046136

liquibase.change.ChangeParameterMetaData;202;18.89822365046136

liquibase.change.ChangeParameterMetaData;318;18.89822365046136

liquibase.change.ChangeParameterMetaData;337;18.89822365046136

liquibase.change.ChangeParameterMetaData;338;18.89822365046136

liquibase.change.ChangeParameterMetaData;339;18.89822365046136

liquibase.change.ChangeParameterMetaData;350;18.89822365046136

liquibase.change.ChangeParameterMetaData;355;18.89822365046136

liquibase.change.ChangeParameterMetaData;356;18.89822365046136

liquibase.change.ChangeParameterMetaData;359;18.89822365046136

liquibase.change.ChangeParameterMetaData;360;18.89822365046136

liquibase.change.ChangeParameterMetaData;424;18.89822365046136

liquibase.change.ChangeParameterMetaData;425;18.89822365046136

liquibase.change.ChangeParameterMetaData;426;18.89822365046136

liquibase.change.ChangeParameterMetaData;427;18.89822365046136

liquibase.change.ChangeParameterMetaData;428;18.89822365046136

liquibase.change.ChangeParameterMetaData;429;18.89822365046136

liquibase.change.ChangeParameterMetaData;430;18.89822365046136

liquibase.change.ChangeParameterMetaData;431;18.89822365046136

liquibase.change.ChangeParameterMetaData;432;18.89822365046136

liquibase.change.ChangeParameterMetaData;433;18.89822365046136

liquibase.change.ChangeParameterMetaData;434;18.89822365046136

liquibase.change.ChangeParameterMetaData;435;18.89822365046136

liquibase.change.ChangeParameterMetaData;436;18.89822365046136

liquibase.change.ChangeParameterMetaData;437;18.89822365046136

liquibase.change.ChangeParameterMetaData;438;18.89822365046136

liquibase.change.ChangeParameterMetaData;441;18.89822365046136

liquibase.change.ChangeParameterMetaData;442;18.89822365046136

liquibase.change.ChangeParameterMetaData;445;18.89822365046136

liquibase.change.ChangeParameterMetaData;446;18.89822365046136

liquibase.change.ChangeParameterMetaData;454;18.89822365046136

liquibase.executor.ExecutorService;64;18.641092980036

liquibase.executor.ExecutorService;73;18.641092980036

liquibase.executor.ExecutorService;36;18.156825980064074

liquibase.executor.ExecutorService;37;18.156825980064074

liquibase.ContextExpression;46;17.49635530559413

liquibase.AbstractExtensibleObject;20;17.32397321688093

liquibase.AbstractExtensibleObject;27;17.32397321688093

liquibase.AbstractExtensibleObject;28;17.32397321688093

liquibase.changelog.ChangeSet;229;17.09408646894569

liquibase.changelog.ChangeSet;230;17.09408646894569

liquibase.statement.core.ReorganizeTableStatement;11;16.90308509457033

liquibase.statement.core.ReorganizeTableStatement;12;16.90308509457033

liquibase.statement.core.ReorganizeTableStatement;13;16.90308509457033

liquibase.statement.core.ReorganizeTableStatement;14;16.90308509457033

liquibase.exception.UnexpectedLiquibaseException;15;16.90308509457033

liquibase.statement.core.ReorganizeTableStatement;15;16.90308509457033

liquibase.exception.UnexpectedLiquibaseException;16;16.90308509457033

liquibase.logging.core.JavaLogger;16;16.90308509457033

liquibase.logging.core.JavaLogger;17;16.90308509457033

liquibase.logging.core.JavaLogger;18;16.90308509457033

liquibase.sqlgenerator.core.ReorganizeTableGeneratorDB2;18;16.90308509457033

liquibase.logging.core.AbstractLogger;19;16.90308509457033

liquibase.logging.core.JavaLogger;19;16.90308509457033

liquibase.logging.core.AbstractLogger;20;16.90308509457033

liquibase.logging.core.AbstractLogger;21;16.90308509457033

liquibase.logging.core.JavaLogService;24;16.90308509457033

liquibase.logging.core.JavaLogService;25;16.90308509457033

liquibase.logging.core.JavaLogService;26;16.90308509457033

liquibase.logging.core.JavaLogService;29;16.90308509457033

liquibase.logging.core.JavaLogService;31;16.90308509457033

liquibase.sqlgenerator.core.AddColumnGeneratorDefaultClauseBeforeNotNull;41;16.90308509457033

liquibase.logging.core.JavaLogService;45;16.90308509457033

liquibase.logging.core.JavaLogService;46;16.90308509457033

liquibase.statement.core.SetNullableStatement;47;16.90308509457033

liquibase.util.StringUtil;49;16.90308509457033

liquibase.logging.core.JavaLogService;50;16.90308509457033

liquibase.logging.core.JavaLogService;51;16.90308509457033

liquibase.statement.core.SetNullableStatement;51;16.90308509457033

liquibase.statement.core.SetNullableStatement;59;16.90308509457033

liquibase.exception.ValidationErrors;68;16.90308509457033

liquibase.exception.ValidationErrors;81;16.90308509457033

liquibase.exception.ValidationErrors;82;16.90308509457033

liquibase.exception.ValidationErrors;111;16.90308509457033

liquibase.change.core.AddColumnChange;190;16.90308509457033

liquibase.change.core.AddColumnChange;192;16.90308509457033

liquibase.change.ChangeParameterMetaData;408;16.90308509457033

liquibase.change.ChangeParameterMetaData;409;16.90308509457033

liquibase.change.ChangeParameterMetaData;411;16.90308509457033

liquibase.change.ChangeParameterMetaData;412;16.90308509457033

liquibase.change.ChangeParameterMetaData;413;16.90308509457033

liquibase.change.ChangeParameterMetaData;417;16.90308509457033

liquibase.change.ChangeParameterMetaData;419;16.90308509457033

liquibase.changelog.RollbackContainer;9;16.718346377260584

liquibase.changelog.RollbackContainer;10;16.718346377260584

liquibase.database.DatabaseList;75;16.718346377260584

liquibase.database.DatabaseList;76;16.718346377260584

liquibase.database.DatabaseList;82;16.718346377260584

liquibase.changelog.ChangeSet;107;16.718346377260584

liquibase.changelog.ChangeSet;158;16.718346377260584

liquibase.changelog.ChangeSet;168;16.718346377260584

liquibase.changelog.ChangeSet;178;16.718346377260584

liquibase.changelog.ChangeSet;200;16.718346377260584

liquibase.changelog.ChangeSet;213;16.718346377260584

liquibase.changelog.ChangeSet;223;16.718346377260584

liquibase.changelog.ChangeSet;224;16.718346377260584

liquibase.changelog.ChangeSet;225;16.718346377260584

liquibase.changelog.ChangeSet;226;16.718346377260584

liquibase.changelog.ChangeSet;247;16.718346377260584

liquibase.changelog.ChangeSet;248;16.718346377260584

liquibase.changelog.ChangeSet;249;16.718346377260584

liquibase.changelog.ChangeSet;250;16.718346377260584

liquibase.changelog.ChangeSet;251;16.718346377260584

liquibase.changelog.ChangeSet;252;16.718346377260584

liquibase.changelog.ChangeSet;253;16.718346377260584

liquibase.changelog.ChangeSet;254;16.718346377260584

liquibase.changelog.ChangeSet;255;16.718346377260584

liquibase.changelog.ChangeSet;256;16.718346377260584

liquibase.changelog.ChangeSet;257;16.718346377260584

liquibase.changelog.ChangeSet;258;16.718346377260584

liquibase.changelog.ChangeSet;261;16.718346377260584

liquibase.changelog.ChangeSet;262;16.718346377260584

liquibase.util.SmartMap;10;16.087236302194672

liquibase.util.SmartMap;12;16.087236302194672

liquibase.ContextExpression;29;15.57522394953495

liquibase.ContextExpression;30;15.57522394953495

liquibase.ContextExpression;31;15.57522394953495

liquibase.ContextExpression;32;15.57522394953495

liquibase.ContextExpression;43;15.57522394953495

liquibase.ContextExpression;45;15.57522394953495

liquibase.Labels;14;15.430334996209192

liquibase.Labels;15;15.430334996209192

liquibase.ContextExpression;16;15.430334996209192

liquibase.ContextExpression;17;15.430334996209192

liquibase.sqlgenerator.core.AddColumnGeneratorDefaultClauseBeforeNotNull;35;15.430334996209192

liquibase.sqlgenerator.core.AddColumnGeneratorDefaultClauseBeforeNotNull;36;15.430334996209192

liquibase.sqlgenerator.core.AddColumnGeneratorDefaultClauseBeforeNotNull;43;15.430334996209192

liquibase.sqlgenerator.core.AddColumnGeneratorDefaultClauseBeforeNotNull;48;15.430334996209192

liquibase.sqlgenerator.core.AddColumnGeneratorDefaultClauseBeforeNotNull;51;15.430334996209192

liquibase.change.core.AddColumnChange;62;15.430334996209192

liquibase.change.core.AddColumnChange;63;15.430334996209192

liquibase.exception.ValidationErrors;109;15.430334996209192

liquibase.exception.ValidationErrors;110;15.430334996209192

liquibase.change.ChangeParameterMetaData;162;15.430334996209192

liquibase.change.ChangeParameterMetaData;163;15.430334996209192

liquibase.change.ChangeParameterMetaData;165;15.430334996209192

liquibase.change.ChangeParameterMetaData;180;15.430334996209192

liquibase.change.ChangeParameterMetaData;182;15.430334996209192

liquibase.database.AbstractJdbcDatabase;233;15.430334996209192

liquibase.sqlgenerator.SqlGeneratorFactory;251;15.430334996209192

liquibase.sqlgenerator.SqlGeneratorFactory;252;15.430334996209192

liquibase.database.core.SybaseDatabase;254;15.430334996209192

liquibase.database.core.SybaseDatabase;255;15.430334996209192

liquibase.sqlgenerator.SqlGeneratorFactory;255;15.430334996209192

liquibase.ContextExpression;13;15.289415743128767

liquibase.serializer.AbstractLiquibaseSerializable;17;15.194743527951726

liquibase.statement.core.SetNullableStatement;13;14.285714285714285

liquibase.statement.core.SetNullableStatement;15;14.285714285714285

liquibase.exception.LiquibaseException;16;14.285714285714285

liquibase.statement.core.SetNullableStatement;16;14.285714285714285

liquibase.exception.LiquibaseException;17;14.285714285714285

liquibase.statement.core.SetNullableStatement;17;14.285714285714285

liquibase.statement.core.SetNullableStatement;18;14.285714285714285

liquibase.statement.core.SetNullableStatement;19;14.285714285714285

liquibase.statement.core.SetNullableStatement;20;14.285714285714285

liquibase.statement.core.SetNullableStatement;21;14.285714285714285

liquibase.statement.core.SetNullableStatement;22;14.285714285714285

liquibase.statement.core.AddColumnStatement;41;14.285714285714285

liquibase.statement.core.AddColumnStatement;42;14.285714285714285

liquibase.statement.core.AddColumnStatement;43;14.285714285714285

liquibase.change.CheckSum;53;14.285714285714285

liquibase.sqlgenerator.core.AddColumnGenerator;55;14.285714285714285

liquibase.Scope;308;14.285714285714285

liquibase.Scope;312;14.285714285714285

liquibase.Scope;313;14.285714285714285

liquibase.Scope;314;14.285714285714285

liquibase.Scope;331;14.285714285714285

liquibase.Scope;148;14.22936016353747

liquibase.configuration.AbstractConfigurationValueProvider;8;13.638618139749525

liquibase.configuration.core.ScopeValueProvider;29;13.638618139749525

liquibase.configuration.core.ScopeValueProvider;34;13.638618139749525

liquibase.configuration.ConfiguredValue;86;13.638618139749525

liquibase.configuration.ConfigurationDefinition;96;13.638618139749525

liquibase.configuration.ConfigurationDefinition;97;13.638618139749525

liquibase.configuration.ConfigurationDefinition;99;13.638618139749525

liquibase.configuration.ConfigurationDefinition;100;13.638618139749525

liquibase.configuration.ConfigurationDefinition;104;13.638618139749525

liquibase.configuration.ConfigurationDefinition;108;13.638618139749525

liquibase.configuration.ConfiguredValue$NoValueProvider;110;13.638618139749525

liquibase.configuration.ConfigurationDefinition;162;13.638618139749525

liquibase.configuration.ConfigurationDefinition$DefaultValueProvider;344;13.638618139749525

liquibase.configuration.ConfigurationDefinition$DefaultValueProvider;345;13.638618139749525

liquibase.configuration.ConfigurationDefinition$DefaultValueProvider;346;13.638618139749525

liquibase.configuration.ConfigurationDefinition$DefaultValueProvider;355;13.638618139749525

liquibase.configuration.AbstractMapConfigurationValueProvider;41;13.533299049019169

liquibase.configuration.ConfigurationDefinition;54;13.533299049019169

liquibase.configuration.ConfigurationDefinition;61;13.464426851071169

liquibase.configuration.ConfigurationDefinition;63;13.464426851071169

liquibase.configuration.ProvidedValue;13;13.430382733756337

liquibase.configuration.ProvidedValue;14;13.430382733756337

liquibase.configuration.ConfiguredValue;15;13.430382733756337

liquibase.configuration.ProvidedValue;15;13.430382733756337

liquibase.configuration.ProvidedValue;16;13.430382733756337

liquibase.configuration.ProvidedValue;17;13.430382733756337

liquibase.configuration.ProvidedValue;18;13.430382733756337

liquibase.configuration.ProvidedValue;19;13.430382733756337

liquibase.configuration.ConfiguredValue;20;13.430382733756337

liquibase.configuration.ConfiguredValue;21;13.430382733756337

liquibase.configuration.ConfiguredValue;22;13.430382733756337

liquibase.configuration.core.DeprecatedConfigurationValueProvider;22;13.430382733756337

liquibase.configuration.core.ScopeValueProvider;22;13.430382733756337

liquibase.configuration.ConfiguredValue;24;13.430382733756337

liquibase.configuration.ProvidedValue;25;13.430382733756337

liquibase.configuration.core.ScopeValueProvider;26;13.430382733756337

liquibase.configuration.ConfiguredValue;27;13.430382733756337

liquibase.configuration.core.ScopeValueProvider;27;13.430382733756337

liquibase.configuration.core.ScopeValueProvider;28;13.430382733756337

liquibase.configuration.ConfiguredValue;29;13.430382733756337

liquibase.configuration.core.SystemPropertyValueProvider;31;13.430382733756337

liquibase.configuration.ConfiguredValue;32;13.430382733756337

liquibase.configuration.ConfiguredValue;33;13.430382733756337

liquibase.configuration.AbstractMapConfigurationValueProvider;34;13.430382733756337

liquibase.configuration.AbstractMapConfigurationValueProvider;35;13.430382733756337

liquibase.configuration.AbstractMapConfigurationValueProvider;37;13.430382733756337

liquibase.configuration.ConfiguredValue;37;13.430382733756337

liquibase.configuration.AbstractMapConfigurationValueProvider;38;13.430382733756337

liquibase.configuration.AbstractMapConfigurationValueProvider;39;13.430382733756337

liquibase.configuration.AbstractMapConfigurationValueProvider;40;13.430382733756337

liquibase.configuration.AbstractMapConfigurationValueProvider;49;13.430382733756337

liquibase.configuration.ConfiguredValue;56;13.430382733756337

liquibase.configuration.AbstractMapConfigurationValueProvider;69;13.430382733756337

liquibase.configuration.AbstractMapConfigurationValueProvider;70;13.430382733756337

liquibase.configuration.AbstractMapConfigurationValueProvider;73;13.430382733756337

liquibase.configuration.ConfiguredValue;75;13.430382733756337

liquibase.configuration.ConfiguredValue;78;13.430382733756337

liquibase.configuration.ConfiguredValue;79;13.430382733756337

liquibase.configuration.ConfiguredValue;85;13.430382733756337

liquibase.configuration.ConfigurationDefinition;87;13.430382733756337

liquibase.configuration.ConfigurationDefinition;89;13.430382733756337

liquibase.configuration.ConfiguredValue;89;13.430382733756337

liquibase.configuration.ConfigurationDefinition;90;13.430382733756337

liquibase.configuration.ConfigurationDefinition;91;13.430382733756337

liquibase.configuration.ConfigurationDefinition;93;13.430382733756337

liquibase.configuration.ConfigurationDefinition;95;13.430382733756337

liquibase.configuration.ConfiguredValue;96;13.430382733756337

liquibase.configuration.ConfigurationDefinition;112;13.430382733756337

liquibase.configuration.ConfigurationDefinition;113;13.430382733756337

liquibase.configuration.ConfigurationDefinition;115;13.430382733756337

liquibase.configuration.ConfigurationDefinition;116;13.430382733756337

liquibase.configuration.LiquibaseConfiguration;116;13.430382733756337

liquibase.configuration.ConfigurationDefinition;120;13.430382733756337

liquibase.configuration.LiquibaseConfiguration;120;13.430382733756337

liquibase.configuration.LiquibaseConfiguration;122;13.430382733756337

liquibase.configuration.LiquibaseConfiguration;123;13.430382733756337

liquibase.configuration.LiquibaseConfiguration;125;13.430382733756337

liquibase.configuration.LiquibaseConfiguration;128;13.430382733756337

liquibase.configuration.LiquibaseConfiguration;130;13.430382733756337

liquibase.configuration.LiquibaseConfiguration;131;13.430382733756337

liquibase.configuration.ConfigurationDefinition;137;13.430382733756337

liquibase.configuration.LiquibaseConfiguration;167;13.430382733756337

liquibase.configuration.ConfigurationDefinition;130;13.396595553856084

liquibase.statement.core.AddColumnStatement;37;13.36306209562122

liquibase.statement.core.AddColumnStatement;38;13.36306209562122

liquibase.statement.core.AddColumnStatement;39;13.36306209562122

liquibase.changelog.RanChangeSet;51;13.36306209562122

liquibase.changelog.RanChangeSet;52;13.36306209562122

liquibase.changelog.RanChangeSet;63;13.36306209562122

liquibase.change.core.AddColumnChange;88;13.36306209562122

liquibase.change.core.AddColumnChange;89;13.36306209562122

liquibase.change.core.AddColumnChange;90;13.36306209562122

liquibase.change.core.AddColumnChange;92;13.36306209562122

liquibase.statement.core.AddColumnStatement;92;13.36306209562122

liquibase.change.core.AddColumnChange;98;13.36306209562122

liquibase.change.core.AddColumnChange;99;13.36306209562122

liquibase.change.core.AddColumnChange;100;13.36306209562122

liquibase.change.core.AddColumnChange;101;13.36306209562122

liquibase.change.core.AddColumnChange;147;13.36306209562122

liquibase.change.core.AddColumnChange;151;13.36306209562122

liquibase.change.core.AddColumnChange;152;13.36306209562122

liquibase.change.core.AddColumnChange;153;13.36306209562122

liquibase.change.core.AddColumnChange;154;13.36306209562122

liquibase.change.core.AddColumnChange;155;13.36306209562122

liquibase.change.core.AddColumnChange;156;13.36306209562122

liquibase.change.core.AddColumnChange;157;13.36306209562122

liquibase.change.core.AddColumnChange;158;13.36306209562122

liquibase.change.core.AddColumnChange;160;13.36306209562122

liquibase.change.core.AddColumnChange;162;13.36306209562122

liquibase.change.core.AddColumnChange;165;13.36306209562122

liquibase.change.core.AddColumnChange;169;13.36306209562122

liquibase.change.core.AddColumnChange;171;13.36306209562122

liquibase.change.core.AddColumnChange;181;13.36306209562122

liquibase.change.core.AddColumnChange;183;13.36306209562122

liquibase.change.core.AddColumnChange;189;13.36306209562122

liquibase.change.ChangeParameterMetaData;190;13.36306209562122

liquibase.change.ChangeParameterMetaData;192;13.36306209562122

liquibase.change.ChangeParameterMetaData;193;13.36306209562122

liquibase.change.core.AddColumnChange;195;13.36306209562122

liquibase.change.core.AddColumnChange;196;13.36306209562122

liquibase.change.core.AddColumnChange;197;13.36306209562122

liquibase.change.core.AddColumnChange;206;13.36306209562122

liquibase.change.core.AddColumnChange;208;13.36306209562122

liquibase.statement.core.AddColumnStatement;216;13.36306209562122

liquibase.statement.core.AddColumnStatement;217;13.36306209562122

liquibase.database.core.AbstractDb2Database;225;13.36306209562122

liquibase.database.core.AbstractDb2Database;228;13.36306209562122

liquibase.database.core.SybaseDatabase;300;13.36306209562122

liquibase.database.core.SybaseDatabase;303;13.36306209562122

liquibase.database.core.HsqlDatabase;467;13.36306209562122

liquibase.change.ColumnConfig;470;13.36306209562122

liquibase.change.ColumnConfig;473;13.36306209562122

liquibase.database.core.HsqlDatabase;503;13.36306209562122

liquibase.util.SmartMap;46;12.818289079107387

liquibase.util.ObjectUtil;258;12.818289079107387

liquibase.util.ObjectUtil;261;12.818289079107387

liquibase.util.ObjectUtil;262;12.818289079107387

liquibase.Scope;276;12.818289079107387

liquibase.Scope;277;12.818289079107387

liquibase.Scope;280;12.818289079107387

liquibase.SingletonScopeManager;9;12.777531299998799

liquibase.Scope;69;12.777531299998799

liquibase.Scope;72;12.777531299998799

liquibase.Scope;99;12.777531299998799

liquibase.sqlgenerator.core.AddColumnGenerator;40;12.598815766974239

liquibase.changelog.RanChangeSet;54;12.598815766974239

liquibase.changelog.RanChangeSet;55;12.598815766974239

liquibase.changelog.RanChangeSet;56;12.598815766974239

liquibase.changelog.RanChangeSet;57;12.598815766974239

liquibase.changelog.RanChangeSet;58;12.598815766974239

liquibase.changelog.RanChangeSet;59;12.598815766974239

liquibase.changelog.RanChangeSet;60;12.598815766974239

liquibase.sqlgenerator.core.AddColumnGenerator;60;12.598815766974239

liquibase.sqlgenerator.core.AddColumnGenerator;62;12.598815766974239

liquibase.sqlgenerator.core.AddColumnGenerator;63;12.598815766974239

liquibase.sqlgenerator.core.AddColumnGenerator;64;12.598815766974239

liquibase.changelog.RanChangeSet;65;12.598815766974239

liquibase.changelog.RanChangeSet;66;12.598815766974239

liquibase.sqlgenerator.core.AddColumnGenerator;66;12.598815766974239

liquibase.changelog.RanChangeSet;67;12.598815766974239

liquibase.statement.core.AddColumnStatement;67;12.598815766974239

liquibase.changelog.RanChangeSet;68;12.598815766974239

liquibase.changelog.RanChangeSet;69;12.598815766974239

liquibase.changelog.RanChangeSet;70;12.598815766974239

liquibase.changelog.RanChangeSet;71;12.598815766974239

liquibase.statement.core.AddColumnStatement;71;12.598815766974239

liquibase.changelog.RanChangeSet;72;12.598815766974239

liquibase.sqlgenerator.core.AddColumnGenerator;72;12.598815766974239

liquibase.statement.core.AddColumnStatement;75;12.598815766974239

liquibase.sqlgenerator.core.AddColumnGenerator;77;12.598815766974239

liquibase.sqlgenerator.core.AddColumnGenerator;80;12.598815766974239

liquibase.sqlgenerator.core.AddColumnGenerator;83;12.598815766974239

liquibase.sqlgenerator.core.AddColumnGenerator;87;12.598815766974239

liquibase.statement.core.AddColumnStatement;87;12.598815766974239

liquibase.exception.ValidationErrors;105;12.598815766974239

liquibase.exception.ValidationErrors;106;12.598815766974239

liquibase.statement.core.AddColumnStatement;109;12.598815766974239

liquibase.statement.core.AddColumnStatement;114;12.598815766974239

liquibase.exception.ValidationErrors;116;12.598815766974239

liquibase.exception.ValidationErrors;119;12.598815766974239

liquibase.change.ChangeParameterMetaData;161;12.598815766974239

liquibase.statement.core.AddColumnStatement;188;12.598815766974239

liquibase.statement.core.AddColumnStatement;196;12.598815766974239

liquibase.statement.core.AddColumnStatement;204;12.598815766974239

liquibase.change.ColumnConfig;365;12.598815766974239

liquibase.database.core.HsqlDatabase;499;12.598815766974239

liquibase.database.core.HsqlDatabase;502;12.598815766974239

liquibase.database.core.HsqlDatabase;506;12.598815766974239

liquibase.change.core.AddColumnChange;34;11.952286093343936

liquibase.change.core.AddColumnChange;35;11.952286093343936

liquibase.change.core.AddColumnChange;36;11.952286093343936

liquibase.change.core.AddColumnChange;40;11.952286093343936

liquibase.change.core.AddColumnChange;49;11.952286093343936

liquibase.change.core.AddColumnChange;58;11.952286093343936

liquibase.change.core.AddColumnChange;68;11.952286093343936

liquibase.change.ChangeParameterMetaData;154;11.952286093343936

liquibase.change.ChangeParameterMetaData;158;11.952286093343936

liquibase.change.ChangeParameterMetaData;160;11.952286093343936

liquibase.integration.commandline.Main;1206;11.952286093343936

liquibase.logging.core.JavaLogService;22;11.878277418329972

liquibase.logging.core.JavaLogService;23;11.878277418329972

liquibase.logging.core.JavaLogService;34;11.878277418329972

liquibase.Scope;335;11.878277418329972

liquibase.logging.core.JavaLogger;23;11.84178492834674

liquibase.logging.core.JavaLogger;27;11.84178492834674

liquibase.Scope;263;11.84178492834674

liquibase.util.ObjectUtil;259;11.58724436648304

liquibase.sqlgenerator.SqlGeneratorChain;46;11.396057645963795

liquibase.change.CheckSum;51;11.396057645963795

liquibase.change.CheckSum;52;11.396057645963795

liquibase.statement.core.AddColumnStatement;83;11.396057645963795

liquibase.database.AbstractJdbcDatabase;246;11.396057645963795

liquibase.util.StringUtil;314;11.396057645963795

liquibase.change.ColumnConfig;633;11.396057645963795

liquibase.change.ColumnConfig;635;11.396057645963795

liquibase.change.ColumnConfig;637;11.396057645963795

liquibase.change.ColumnConfig;639;11.396057645963795

liquibase.change.ColumnConfig;641;11.396057645963795

liquibase.change.ColumnConfig;644;11.396057645963795

liquibase.change.ColumnConfig;763;11.396057645963795

liquibase.integration.commandline.Main;1314;11.396057645963795

liquibase.util.StringUtil;51;11.237551211086148

liquibase.util.StringUtil;47;11.115400287534568

liquibase.util.StringUtil;48;11.115400287534568

liquibase.change.AddColumnConfig;19;10.91089451179962

liquibase.change.AddColumnConfig;20;10.91089451179962

liquibase.sqlgenerator.SqlGeneratorChain;42;10.91089451179962

liquibase.change.CheckSum;45;10.91089451179962

liquibase.statement.core.AddColumnStatement;51;10.91089451179962

liquibase.exception.ValidationErrors;122;10.91089451179962

liquibase.exception.ValidationErrors;123;10.91089451179962

liquibase.database.AbstractJdbcDatabase;245;10.91089451179962

liquibase.change.ColumnConfig;464;10.91089451179962

liquibase.change.ColumnConfig;466;10.91089451179962

liquibase.change.ColumnConfig;468;10.91089451179962

liquibase.change.ColumnConfig;501;10.91089451179962

liquibase.change.ColumnConfig;544;10.91089451179962

liquibase.change.ColumnConfig;579;10.91089451179962

liquibase.change.ColumnConfig;617;10.91089451179962

liquibase.change.ColumnConfig;651;10.91089451179962

liquibase.change.ColumnConfig;712;10.91089451179962

liquibase.change.ColumnConfig;753;10.91089451179962

liquibase.integration.commandline.Main;1203;10.91089451179962

liquibase.integration.commandline.Main;1204;10.91089451179962

liquibase.integration.commandline.Main;1209;10.91089451179962

liquibase.statement.core.UpdateStatement;47;10.482848367219184

liquibase.statement.core.UpdateStatement;49;10.482848367219184

liquibase.change.ColumnConfig;355;10.482848367219184

liquibase.change.ColumnConfig;417;10.482848367219184

liquibase.change.ColumnConfig;430;10.482848367219184

liquibase.change.ColumnConfig;631;10.482848367219184

liquibase.change.ColumnConfig;664;10.482848367219184

liquibase.database.AbstractJdbcDatabase;1495;10.1418510567422

liquibase.database.AbstractJdbcDatabase;1496;10.1418510567422

liquibase.database.AbstractJdbcDatabase;1497;10.1418510567422

liquibase.database.AbstractJdbcDatabase;1499;10.1418510567422

liquibase.database.AbstractJdbcDatabase;89;10.101525445522109

liquibase.database.AbstractJdbcDatabase;95;10.101525445522109

liquibase.database.AbstractJdbcDatabase;106;10.101525445522109

liquibase.database.AbstractJdbcDatabase;107;10.101525445522109

liquibase.database.AbstractJdbcDatabase;108;10.101525445522109

liquibase.database.AbstractJdbcDatabase;109;10.101525445522109

liquibase.database.AbstractJdbcDatabase;113;10.101525445522109

liquibase.database.AbstractJdbcDatabase;121;10.101525445522109

liquibase.database.AbstractJdbcDatabase;123;10.101525445522109

liquibase.database.AbstractJdbcDatabase;124;10.101525445522109

liquibase.database.AbstractJdbcDatabase;128;10.101525445522109

liquibase.configuration.ConfiguredValue;25;10.101525445522107

liquibase.database.core.OracleDatabase;208;10.101525445522107

liquibase.database.core.OracleDatabase;209;10.101525445522107

liquibase.database.core.H2Database;257;10.101525445522107

liquibase.change.ColumnConfig;456;10.101525445522107

liquibase.change.ColumnConfig;458;10.101525445522107

liquibase.change.ColumnConfig;460;10.101525445522107

liquibase.change.ColumnConfig;462;10.101525445522107

liquibase.change.ColumnConfig;481;10.101525445522107

liquibase.util.StringUtil;679;10.101525445522107

liquibase.integration.commandline.Main;1235;10.101525445522107

liquibase.integration.commandline.Main;1240;10.101525445522107

liquibase.integration.commandline.Main;1241;10.101525445522107

liquibase.integration.commandline.Main;1242;10.101525445522107

liquibase.integration.commandline.Main;1244;10.101525445522107

liquibase.integration.commandline.Main;1245;10.101525445522107

liquibase.integration.commandline.Main;1246;10.101525445522107

liquibase.integration.commandline.Main;1252;10.101525445522107

liquibase.integration.commandline.Main;1253;10.101525445522107

liquibase.integration.commandline.Main;1254;10.101525445522107

liquibase.integration.commandline.Main;1262;10.101525445522107

liquibase.integration.commandline.Main;1263;10.101525445522107

liquibase.integration.commandline.Main;1264;10.101525445522107

liquibase.integration.commandline.Main;1268;10.101525445522107

liquibase.Labels;12;9.759000729485333

liquibase.statement.core.UpdateStatement;37;9.759000729485333

liquibase.statement.core.UpdateStatement;39;9.759000729485333

liquibase.configuration.AbstractMapConfigurationValueProvider;52;9.759000729485333

liquibase.configuration.AbstractMapConfigurationValueProvider;53;9.759000729485333

liquibase.configuration.AbstractMapConfigurationValueProvider;54;9.759000729485333

liquibase.configuration.AbstractMapConfigurationValueProvider;55;9.759000729485333

liquibase.configuration.AbstractMapConfigurationValueProvider;62;9.759000729485333

liquibase.configuration.AbstractMapConfigurationValueProvider;82;9.759000729485333

liquibase.configuration.AbstractMapConfigurationValueProvider;86;9.759000729485333

liquibase.configuration.AbstractMapConfigurationValueProvider;88;9.759000729485333

liquibase.configuration.AbstractMapConfigurationValueProvider;92;9.759000729485333

liquibase.configuration.AbstractMapConfigurationValueProvider;94;9.759000729485333

liquibase.configuration.AbstractMapConfigurationValueProvider;102;9.759000729485333

liquibase.configuration.AbstractMapConfigurationValueProvider;103;9.759000729485333

liquibase.configuration.AbstractMapConfigurationValueProvider;105;9.759000729485333

liquibase.configuration.AbstractMapConfigurationValueProvider;111;9.759000729485333

liquibase.configuration.AbstractMapConfigurationValueProvider;114;9.759000729485333

liquibase.configuration.AbstractMapConfigurationValueProvider;140;9.759000729485333

liquibase.configuration.AbstractMapConfigurationValueProvider;144;9.759000729485333

liquibase.configuration.AbstractMapConfigurationValueProvider;145;9.759000729485333

liquibase.configuration.AbstractMapConfigurationValueProvider;149;9.759000729485333

liquibase.configuration.AbstractMapConfigurationValueProvider;150;9.759000729485333

liquibase.configuration.AbstractMapConfigurationValueProvider;155;9.759000729485333

liquibase.configuration.AbstractMapConfigurationValueProvider;156;9.759000729485333

liquibase.configuration.AbstractMapConfigurationValueProvider;160;9.759000729485333

liquibase.change.ColumnConfig;230;9.759000729485333

liquibase.change.AbstractChange;341;9.759000729485333

liquibase.change.AbstractChange;344;9.759000729485333

liquibase.change.AbstractChange;345;9.759000729485333

liquibase.change.ColumnConfig;345;9.759000729485333

liquibase.change.AbstractChange;348;9.759000729485333

liquibase.change.AbstractChange;349;9.759000729485333

liquibase.change.AbstractChange;353;9.759000729485333

liquibase.util.StringUtil;465;9.759000729485333

liquibase.util.StringUtil;468;9.759000729485333

liquibase.integration.commandline.Main;541;9.759000729485333

liquibase.integration.commandline.Main;542;9.759000729485333

liquibase.integration.commandline.Main;548;9.759000729485333

liquibase.integration.commandline.Main;549;9.759000729485333

liquibase.util.StringUtil;662;9.759000729485333

liquibase.util.StringUtil;666;9.759000729485333

liquibase.util.StringUtil;670;9.759000729485333

liquibase.util.StringUtil;671;9.759000729485333

liquibase.util.StringUtil;672;9.759000729485333

liquibase.util.StringUtil;673;9.759000729485333

liquibase.util.StringUtil;674;9.759000729485333

liquibase.util.StringUtil;675;9.759000729485333

liquibase.util.StringUtil;676;9.759000729485333

liquibase.util.StringUtil;678;9.759000729485333

liquibase.util.StringUtil;681;9.759000729485333

liquibase.util.StringUtil;685;9.759000729485333

liquibase.integration.commandline.Main;757;9.759000729485333

liquibase.integration.commandline.Main;759;9.759000729485333

liquibase.integration.commandline.Main;760;9.759000729485333

liquibase.integration.commandline.Main;761;9.759000729485333

liquibase.integration.commandline.Main;763;9.759000729485333

liquibase.integration.commandline.Main;764;9.759000729485333

liquibase.integration.commandline.Main;765;9.759000729485333

liquibase.integration.commandline.Main;768;9.759000729485333

liquibase.integration.commandline.Main;771;9.759000729485333

liquibase.integration.commandline.Main;774;9.759000729485333

liquibase.integration.commandline.Main;778;9.759000729485333

liquibase.integration.commandline.Main;779;9.759000729485333

liquibase.integration.commandline.Main;780;9.759000729485333

liquibase.integration.commandline.Main;791;9.759000729485333

liquibase.integration.commandline.Main;792;9.759000729485333

liquibase.integration.commandline.Main;793;9.759000729485333

liquibase.integration.commandline.Main;797;9.759000729485333

liquibase.integration.commandline.Main;1226;9.759000729485333

liquibase.integration.commandline.Main;1277;9.759000729485333

liquibase.integration.commandline.Main;1279;9.759000729485333

liquibase.integration.commandline.Main;1280;9.759000729485333

liquibase.integration.commandline.Main;1284;9.759000729485333

liquibase.integration.commandline.Main;1288;9.759000729485333

liquibase.integration.commandline.Main;1290;9.759000729485333

liquibase.integration.commandline.Main;1291;9.759000729485333

liquibase.integration.commandline.Main;1293;9.759000729485333

liquibase.integration.commandline.Main;1310;9.759000729485333

liquibase.integration.commandline.Main;1311;9.759000729485333

liquibase.integration.commandline.Main;1322;9.759000729485333

liquibase.integration.commandline.Main;1323;9.759000729485333

liquibase.statement.DatabaseFunction;15;9.759000729485331

liquibase.statement.DatabaseFunction;16;9.759000729485331

liquibase.statement.DatabaseFunction;17;9.759000729485331

liquibase.util.StringUtil;44;9.581010095306072

liquibase.database.DatabaseFactory;58;9.44911182523068

liquibase.database.DatabaseFactory;59;9.44911182523068

liquibase.database.DatabaseFactory;60;9.44911182523068

liquibase.database.DatabaseFactory;61;9.44911182523068

liquibase.database.DatabaseFactory;62;9.44911182523068

liquibase.exception.ValidationErrors;140;9.44911182523068

liquibase.exception.ValidationErrors;143;9.44911182523068

liquibase.exception.ValidationErrors;144;9.44911182523068

liquibase.change.ColumnConfig;267;9.44911182523068

liquibase.change.ColumnConfig;306;9.44911182523068

liquibase.change.ColumnConfig;379;9.44911182523068

liquibase.integration.commandline.Main;1197;9.44911182523068

liquibase.integration.commandline.Main;1199;9.44911182523068

liquibase.integration.commandline.Main;1200;9.44911182523068

liquibase.integration.commandline.Main;1202;9.44911182523068

liquibase.integration.commandline.Main;1210;9.44911182523068

liquibase.integration.commandline.Main;1225;9.44911182523068

liquibase.logging.core.JavaLogger;28;9.320546490018

liquibase.logging.core.AbstractLogger;65;9.320546490018

liquibase.logging.core.AbstractLogger;66;9.320546490018

liquibase.logging.core.AbstractLogger;70;9.320546490018

liquibase.logging.core.AbstractLogger;71;9.320546490018

liquibase.statement.core.UpdateStatement;11;9.166984970282114

liquibase.statement.core.UpdateStatement;14;9.166984970282114

liquibase.statement.core.UpdateStatement;15;9.166984970282114

liquibase.statement.core.UpdateStatement;18;9.166984970282114

liquibase.statement.core.UpdateStatement;19;9.166984970282114

liquibase.statement.core.UpdateStatement;20;9.166984970282114

liquibase.statement.core.UpdateStatement;21;9.166984970282114

liquibase.statement.core.UpdateStatement;22;9.166984970282114

liquibase.changelog.ChangeLogParameters;27;9.166984970282114

liquibase.changelog.ChangeLogParameters;28;9.166984970282114

liquibase.integration.commandline.Main;818;9.166984970282114

liquibase.integration.commandline.Main;820;9.166984970282114

liquibase.integration.commandline.Main;821;9.166984970282114

liquibase.integration.commandline.Main;822;9.166984970282114

liquibase.integration.commandline.Main;834;9.166984970282114

liquibase.integration.commandline.Main;835;9.166984970282114

liquibase.integration.commandline.Main;838;9.166984970282114

liquibase.statement.core.AddColumnStatement;20;8.90870806374748

liquibase.statement.core.AddColumnStatement;22;8.90870806374748

liquibase.statement.core.AddColumnStatement;24;8.90870806374748

liquibase.statement.core.AddColumnStatement;25;8.90870806374748

liquibase.statement.core.AddColumnStatement;26;8.90870806374748

liquibase.statement.core.AddColumnStatement;27;8.90870806374748

liquibase.statement.core.AddColumnStatement;28;8.90870806374748

liquibase.statement.core.AddColumnStatement;29;8.90870806374748

liquibase.statement.core.AddColumnStatement;30;8.90870806374748

liquibase.statement.core.AddColumnStatement;31;8.90870806374748

liquibase.statement.core.AddColumnStatement;32;8.90870806374748

liquibase.statement.core.AddColumnStatement;34;8.90870806374748

liquibase.database.core.SQLiteDatabase;171;8.90870806374748

liquibase.change.ColumnConfig;234;8.90870806374748

liquibase.change.ColumnConfig;235;8.90870806374748

liquibase.integration.commandline.Main;662;8.90870806374748

liquibase.integration.commandline.Main;663;8.90870806374748

liquibase.integration.commandline.Main;664;8.90870806374748

liquibase.integration.commandline.Main;665;8.90870806374748

liquibase.integration.commandline.Main;666;8.90870806374748

liquibase.integration.commandline.Main;667;8.90870806374748

liquibase.integration.commandline.Main;668;8.90870806374748

liquibase.integration.commandline.Main;669;8.90870806374748

liquibase.integration.commandline.Main;670;8.90870806374748

liquibase.integration.commandline.Main;671;8.90870806374748

liquibase.integration.commandline.Main;672;8.90870806374748

liquibase.integration.commandline.Main;673;8.90870806374748

liquibase.integration.commandline.Main;674;8.90870806374748

liquibase.integration.commandline.Main;675;8.90870806374748

liquibase.integration.commandline.Main;676;8.90870806374748

liquibase.parser.core.xml.AbstractChangeLogParser;10;8.6710996952412

liquibase.parser.core.xml.XMLChangeLogSAXParser;22;8.6710996952412

liquibase.parser.core.xml.XMLChangeLogSAXParser;24;8.6710996952412

liquibase.parser.core.xml.XMLChangeLogSAXParser;25;8.6710996952412

liquibase.parser.core.xml.XMLChangeLogSAXParser;26;8.6710996952412

liquibase.parser.core.xml.XMLChangeLogSAXParser;27;8.6710996952412

liquibase.parser.core.xml.XMLChangeLogSAXParser;28;8.6710996952412

liquibase.database.core.PostgresDatabase;329;8.6710996952412

liquibase.database.core.PostgresDatabase;334;8.6710996952412

liquibase.util.StringUtil;457;8.6710996952412

liquibase.util.StringUtil;460;8.6710996952412

liquibase.integration.commandline.Main;628;8.6710996952412

liquibase.integration.commandline.Main;629;8.6710996952412

liquibase.integration.commandline.Main;630;8.6710996952412

liquibase.integration.commandline.Main;631;8.6710996952412

liquibase.integration.commandline.Main;632;8.6710996952412

liquibase.integration.commandline.Main;633;8.6710996952412

liquibase.integration.commandline.Main;634;8.6710996952412

liquibase.integration.commandline.Main;635;8.6710996952412

liquibase.integration.commandline.Main;636;8.6710996952412

liquibase.integration.commandline.Main;637;8.6710996952412

liquibase.integration.commandline.Main;638;8.6710996952412

liquibase.integration.commandline.Main;639;8.6710996952412

liquibase.integration.commandline.Main;640;8.6710996952412

liquibase.integration.commandline.Main;641;8.6710996952412

liquibase.integration.commandline.Main;642;8.6710996952412

liquibase.integration.commandline.Main;643;8.6710996952412

liquibase.integration.commandline.Main;644;8.6710996952412

liquibase.integration.commandline.Main;645;8.6710996952412

liquibase.integration.commandline.Main;646;8.6710996952412

liquibase.integration.commandline.Main;647;8.6710996952412

liquibase.integration.commandline.Main;648;8.6710996952412

liquibase.integration.commandline.Main;649;8.6710996952412

liquibase.integration.commandline.Main;650;8.6710996952412

liquibase.integration.commandline.Main;651;8.6710996952412

liquibase.integration.commandline.Main;652;8.6710996952412

liquibase.integration.commandline.Main;653;8.6710996952412

liquibase.integration.commandline.Main;654;8.6710996952412

liquibase.integration.commandline.Main;655;8.6710996952412

liquibase.integration.commandline.Main;656;8.6710996952412

liquibase.integration.commandline.Main;657;8.6710996952412

liquibase.integration.commandline.Main;658;8.6710996952412

liquibase.integration.commandline.Main;659;8.6710996952412

liquibase.integration.commandline.Main;660;8.6710996952412

liquibase.integration.commandline.Main;661;8.6710996952412

liquibase.integration.commandline.Main;677;8.6710996952412

liquibase.integration.commandline.Main;1326;8.6710996952412

liquibase.integration.commandline.Main;1327;8.6710996952412

liquibase.integration.commandline.Main;1328;8.6710996952412

liquibase.integration.commandline.Main;1329;8.6710996952412

liquibase.database.core.PostgresDatabase;298;8.451542547285165

liquibase.change.AbstractChange;301;8.451542547285165

liquibase.change.AbstractChange;302;8.451542547285165

liquibase.change.AbstractChange;306;8.451542547285165

liquibase.database.core.PostgresDatabase;326;8.451542547285165

liquibase.change.ColumnConfig;454;8.451542547285165

liquibase.database.DatabaseFactory;37;8.247860988423225

liquibase.database.DatabaseFactory;40;8.247860988423225

liquibase.database.core.MySQLDatabase;124;8.247860988423225

liquibase.exception.ValidationErrors;127;8.247860988423225

liquibase.database.core.MySQLDatabase;238;8.247860988423225

liquibase.database.core.MySQLDatabase;241;8.247860988423225

liquibase.database.core.PostgresDatabase;294;8.247860988423225

liquibase.change.AbstractChange;297;8.247860988423225

liquibase.change.AbstractChange;298;8.247860988423225

liquibase.change.ColumnConfig;247;8.058229640253803

liquibase.logging.core.AbstractLogger;45;7.881104062391006

liquibase.logging.core.AbstractLogger;46;7.881104062391006

liquibase.logging.core.AbstractLogger;50;7.881104062391006

liquibase.logging.core.AbstractLogger;51;7.881104062391006

liquibase.sqlgenerator.SqlGeneratorFactory;113;7.881104062391006

liquibase.sqlgenerator.SqlGeneratorFactory;115;7.881104062391006

liquibase.sqlgenerator.SqlGeneratorFactory;116;7.881104062391006

liquibase.sqlgenerator.SqlGeneratorFactory;117;7.881104062391006

liquibase.sqlgenerator.SqlGeneratorFactory;118;7.881104062391006

liquibase.sqlgenerator.SqlGeneratorFactory;119;7.881104062391006

liquibase.sqlgenerator.SqlGeneratorFactory;120;7.881104062391006

liquibase.sqlgenerator.SqlGeneratorFactory;123;7.881104062391006

liquibase.sqlgenerator.SqlGeneratorFactory;124;7.881104062391006

liquibase.sqlgenerator.SqlGeneratorFactory;125;7.881104062391006

liquibase.sqlgenerator.SqlGeneratorFactory;133;7.881104062391006

liquibase.sqlgenerator.SqlGeneratorFactory;134;7.881104062391006

liquibase.sqlgenerator.SqlGeneratorFactory;136;7.881104062391006

liquibase.sqlgenerator.SqlGeneratorFactory;137;7.881104062391006

liquibase.sqlgenerator.SqlGeneratorFactory;138;7.881104062391006

liquibase.sqlgenerator.SqlGeneratorFactory;142;7.881104062391006

liquibase.sqlgenerator.SqlGeneratorFactory;143;7.881104062391006

liquibase.sqlgenerator.SqlGeneratorFactory;151;7.881104062391006

liquibase.sqlgenerator.SqlGeneratorFactory;152;7.881104062391006

liquibase.sqlgenerator.SqlGeneratorFactory;160;7.881104062391006

liquibase.sqlgenerator.SqlGeneratorFactory;161;7.881104062391006

liquibase.sqlgenerator.SqlGeneratorFactory;167;7.881104062391006

liquibase.sqlgenerator.SqlGeneratorFactory;168;7.881104062391006

liquibase.sqlgenerator.SqlGeneratorFactory;169;7.881104062391006

liquibase.sqlgenerator.SqlGeneratorFactory;172;7.881104062391006

liquibase.sqlgenerator.SqlGeneratorFactory;173;7.881104062391006

liquibase.sqlgenerator.SqlGeneratorFactory;176;7.881104062391006

liquibase.sqlgenerator.SqlGeneratorFactory;177;7.881104062391006

liquibase.sqlgenerator.SqlGeneratorFactory;182;7.881104062391006

liquibase.database.core.PostgresDatabase;292;7.881104062391006

liquibase.logging.core.DefaultLogMessageFilter;10;7.715167498104596

liquibase.logging.core.DefaultLogMessageFilter;11;7.715167498104596

liquibase.logging.core.DefaultLogMessageFilter;12;7.715167498104596

liquibase.logging.core.DefaultLogMessageFilter;14;7.715167498104596

liquibase.logging.core.DefaultLogMessageFilter;18;7.715167498104596

liquibase.logging.core.JavaLogger;30;7.715167498104596

liquibase.logging.core.JavaLogger;31;7.715167498104596

liquibase.logging.core.AbstractLogger;85;7.715167498104596

liquibase.logging.core.AbstractLogger;91;7.715167498104596

liquibase.logging.core.AbstractLogger;92;7.715167498104596

liquibase.database.core.OracleDatabase;271;7.715167498104596

liquibase.changelog.ChangeLogParameters;20;7.412493166611012

liquibase.changelog.ChangeLogParameters;30;7.412493166611012

liquibase.changelog.ChangeLogParameters;31;7.412493166611012

liquibase.changelog.ChangeLogParameters;33;7.412493166611012

liquibase.changelog.ChangeLogParameters;36;7.412493166611012

liquibase.changelog.ChangeLogParameters;38;7.412493166611012

liquibase.changelog.ChangeLogParameters;39;7.412493166611012

liquibase.changelog.ChangeLogParameters;40;7.412493166611012

liquibase.changelog.ChangeLogParameters;42;7.412493166611012

liquibase.changelog.ChangeLogParameters;82;7.412493166611012

liquibase.changelog.ChangeLogParameters;83;7.412493166611012

liquibase.changelog.ChangeLogParameters;84;7.412493166611012

liquibase.changelog.ChangeLogParameters;85;7.412493166611012

liquibase.changelog.ChangeLogParameters;86;7.412493166611012

liquibase.changelog.ChangeLogParameters$ExpressionExpander;235;7.412493166611012

liquibase.changelog.ChangeLogParameters$ExpressionExpander;236;7.412493166611012

liquibase.changelog.ChangeLogParameters$ExpressionExpander;237;7.412493166611012

liquibase.changelog.ChangeLogParameters$ExpressionExpander;238;7.412493166611012

liquibase.changelog.ChangeLogParameters$ChangeLogParameter;274;7.412493166611012

liquibase.changelog.ChangeLogParameters$ChangeLogParameter;277;7.412493166611012

liquibase.changelog.ChangeLogParameters$ChangeLogParameter;278;7.412493166611012

liquibase.changelog.ChangeLogParameters$ChangeLogParameter;279;7.412493166611012

liquibase.changelog.ChangeLogParameters$ChangeLogParameter;280;7.412493166611012

liquibase.LabelExpression;10;7.142857142857142

liquibase.LabelExpression;13;7.142857142857142

liquibase.LabelExpression;14;7.142857142857142

liquibase.change.CheckSum;36;7.142857142857142

liquibase.change.CheckSum;37;7.142857142857142

liquibase.change.CheckSum;38;7.142857142857142

liquibase.change.CheckSum;39;7.142857142857142

liquibase.database.core.MSSQLDatabase;301;7.142857142857142

liquibase.database.core.MSSQLDatabase;306;7.142857142857142

liquibase.Contexts;14;7.018624063435965

liquibase.Contexts;15;7.018624063435965

liquibase.database.core.MSSQLDatabase;297;7.018624063435965

liquibase.exception.ValidationErrors;44;6.900655593423542

liquibase.exception.ValidationErrors;51;6.900655593423542

liquibase.integration.commandline.Main;61;6.900655593423542

liquibase.exception.ValidationErrors;66;6.900655593423542

liquibase.exception.ValidationErrors;67;6.900655593423542

liquibase.exception.ValidationErrors;71;6.900655593423542

liquibase.exception.ValidationErrors;72;6.900655593423542

liquibase.exception.ValidationErrors;75;6.900655593423542

liquibase.exception.ValidationErrors;80;6.900655593423542

liquibase.exception.ValidationErrors;84;6.900655593423542

liquibase.integration.commandline.Main;104;6.900655593423542

liquibase.integration.commandline.Main;117;6.900655593423542

liquibase.integration.commandline.Main;120;6.900655593423542

liquibase.integration.commandline.Main;133;6.900655593423542

liquibase.integration.commandline.Main;136;6.900655593423542

liquibase.integration.commandline.Main;137;6.900655593423542

liquibase.change.ColumnConfig;203;6.900655593423542

liquibase.util.StringUtil;297;6.788442333021306

liquibase.util.StringUtil;300;6.788442333021306

liquibase.sqlgenerator.core.AbstractSqlGenerator;30;6.57951694959769

liquibase.sqlgenerator.SqlGeneratorFactory;228;6.57951694959769

liquibase.sqlgenerator.SqlGeneratorFactory;229;6.57951694959769

liquibase.sqlgenerator.SqlGeneratorFactory;232;6.57951694959769

liquibase.sqlgenerator.SqlGeneratorFactory;233;6.57951694959769

liquibase.database.core.EnterpriseDBDatabase;29;6.388765649999399

liquibase.database.core.PostgresDatabase;96;6.131393394849658

liquibase.sqlgenerator.SqlGeneratorFactory;185;6.131393394849658

liquibase.sqlgenerator.SqlGeneratorFactory;186;6.131393394849658

liquibase.sqlgenerator.SqlGeneratorFactory;190;6.131393394849658

liquibase.Contexts;12;5.902813361009553

liquibase.database.core.OracleDatabase;197;5.902813361009553

liquibase.Scope;309;5.902813361009553

liquibase.database.core.UnsupportedDatabase;42;5.76390417704235

liquibase.database.core.Ingres9Database;80;5.76390417704235

liquibase.database.core.DB2Database;21;5.63436169819011

liquibase.database.core.Db2zDatabase;30;5.63436169819011

liquibase.database.core.FirebirdDatabase;42;5.63436169819011

liquibase.database.core.SybaseDatabase;58;5.63436169819011

liquibase.database.core.DerbyDatabase;87;5.63436169819011

liquibase.database.core.InformixDatabase;153;5.63436169819011

liquibase.database.core.SybaseASADatabase;170;5.63436169819011

liquibase.change.ColumnConfig;207;5.63436169819011

liquibase.change.ColumnConfig;208;5.63436169819011

liquibase.database.core.MariaDBDatabase;29;5.513178464199712

liquibase.change.ColumnConfig;169;5.513178464199712

liquibase.change.ColumnConfig;170;5.513178464199712

liquibase.database.core.HsqlDatabase;368;5.513178464199712

liquibase.util.StringUtil;304;5.3994924715603885

liquibase.util.StringUtil$ToStringFormatter;719;5.3994924715603885

liquibase.util.StringUtil$ToStringFormatter;722;5.3994924715603885

liquibase.util.StringUtil$ToStringFormatter;725;5.3994924715603885

liquibase.exception.ValidationErrors;17;5.3452248382484875

liquibase.exception.ValidationErrors;18;5.3452248382484875

liquibase.exception.ValidationErrors;19;5.3452248382484875

liquibase.exception.ValidationErrors;25;5.3452248382484875

liquibase.exception.ValidationErrors;26;5.3452248382484875

liquibase.database.core.MySQLDatabase;40;5.292561240249631

liquibase.change.ChangeMetaData;85;5.292561240249631

liquibase.util.StringUtil;309;5.241424183609592

liquibase.util.StringUtil;313;5.241424183609592

liquibase.util.StringUtil;317;5.241424183609592

liquibase.util.StringUtil;318;5.241424183609592

liquibase.util.StringUtil;319;5.241424183609592

liquibase.util.StringUtil;320;5.241424183609592

liquibase.util.StringUtil;322;5.241424183609592

liquibase.util.StringUtil;323;5.241424183609592

liquibase.change.ChangeFactory;52;5.143444998736397

liquibase.change.ChangeFactory;55;5.143444998736397

liquibase.database.core.MSSQLDatabase;140;5.143444998736397

liquibase.database.core.H2Database;148;4.8795003647426665

liquibase.sqlgenerator.SqlGeneratorFactory;246;4.8795003647426665

liquibase.servicelocator.StandardServiceLocator;18;4.8393391849582725

liquibase.servicelocator.StandardServiceLocator;20;4.8393391849582725

liquibase.servicelocator.StandardServiceLocator;21;4.8393391849582725

liquibase.servicelocator.StandardServiceLocator;22;4.8393391849582725

liquibase.servicelocator.StandardServiceLocator;24;4.8393391849582725

liquibase.servicelocator.StandardServiceLocator;25;4.8393391849582725

liquibase.servicelocator.StandardServiceLocator;26;4.8393391849582725

liquibase.servicelocator.StandardServiceLocator;30;4.8393391849582725

liquibase.servicelocator.StandardServiceLocator;33;4.8393391849582725

liquibase.Scope;351;4.8393391849582725

liquibase.Scope;352;4.8393391849582725

liquibase.Scope;355;4.8393391849582725

liquibase.Scope;359;4.8393391849582725

liquibase.Scope;267;4.761904761904762

liquibase.Scope;290;4.761904761904762

liquibase.Scope;293;4.761904761904762

liquibase.Scope;295;4.761904761904762

liquibase.Scope;297;4.761904761904762

liquibase.Scope;298;4.761904761904762

liquibase.Scope;347;4.761904761904762

liquibase.database.AbstractJdbcDatabase;735;4.761904761904762

liquibase.sqlgenerator.SqlGeneratorFactory;107;4.583492485141057

liquibase.sqlgenerator.SqlGeneratorFactory;108;4.583492485141057

liquibase.sqlgenerator.SqlGeneratorFactory;109;4.583492485141057

liquibase.sqlgenerator.SqlGeneratorFactory;110;4.583492485141057

liquibase.parser.core.xml.LiquibaseEntityResolver;17;4.45435403187374

liquibase.database.core.CockroachDatabase;25;4.423739552038088

liquibase.sqlgenerator.SqlGeneratorChain;17;4.364357804719847

liquibase.sqlgenerator.core.AbstractSqlGenerator;25;4.3355498476206

liquibase.sqlgenerator.SqlGeneratorChain;15;4.307304922539481

liquibase.sqlgenerator.SqlGeneratorChain;16;4.307304922539481

liquibase.sqlgenerator.SqlGeneratorChain;19;4.307304922539481

liquibase.sqlgenerator.SqlGeneratorFactory;90;4.225771273642582

liquibase.sqlgenerator.SqlGeneratorFactory;98;4.225771273642582

liquibase.sqlgenerator.SqlGeneratorFactory;101;4.225771273642582

liquibase.sqlgenerator.SqlGeneratorFactory;86;4.1996052556580805

liquibase.sqlgenerator.SqlGeneratorFactory;87;4.1996052556580805

liquibase.sqlgenerator.SqlGeneratorFactory;94;4.1996052556580805

liquibase.sqlgenerator.SqlGeneratorFactory;104;4.1996052556580805

liquibase.sqlgenerator.SqlGeneratorFactory;106;4.1996052556580805

liquibase.database.AbstractJdbcDatabase;234;4.173919355648411

liquibase.sqlgenerator.SqlGeneratorFactory;82;4.052204492365539

liquibase.sqlgenerator.SqlGeneratorComparator;8;4.00641540107502

liquibase.sqlgenerator.SqlGeneratorFactory;47;4.00641540107502

liquibase.sqlgenerator.SqlGeneratorFactory;50;4.00641540107502

liquibase.sqlgenerator.SqlGeneratorComparator;5;3.984095364447979

liquibase.plugin.AbstractPlugin;8;3.984095364447979

liquibase.change.AbstractChange;40;3.984095364447979

liquibase.change.AbstractChange;41;3.984095364447979

liquibase.database.AbstractJdbcDatabase;999;3.706246583305506

liquibase.database.AbstractJdbcDatabase;1001;3.688555567816588

liquibase.database.AbstractJdbcDatabase;996;3.6711154910717614

liquibase.database.AbstractJdbcDatabase;742;3.6369648372665395

liquibase.database.AbstractJdbcDatabase;994;3.6369648372665395

liquibase.database.AbstractJdbcDatabase;1005;3.6369648372665395

liquibase.database.AbstractJdbcDatabase;993;3.6202430712799827

liquibase.util.StringUtil;45;3.340765523905305

liquibase.util.StringUtil;33;3.0860669992418384

liquibase.util.StringUtil;30;3.065696697424829

liquibase.Scope;278;2.6860765467512677

liquibase.statement.AbstractSqlStatement;3;2.5598984252456893

